Id-Doc,ArabicTitle,EnglishTitle
D001, دراسة وتنفيذ الخدمة التجريبية لراينر توب ,Study and implementation of pilot service for Rainer Top
D002, الأخطاء التركيبية لدى متعلمي اللغة العربية طلبة برنامج تعليم اللغة العربية للناطقين   بغيرها بجامعة قطر نموذجا ً ,Syntactic errors among Arabic language learners Students of the Arabic language program for non-Arabic speakers at Qatar University modeled
D003, الاصلاح الأسري في ضوء الشريعة و النظريات النفسية المعاصرة ,Family reform in the light of Sharia and contemporary psychological theories
D004, دراسة مقارنة بين فرضيات دولة العقيدة والأمة والفرضيات المعارضة ,A comparative study between the assumptions of the state of creed and the nation and the opposing hypotheses
D005, توصيف الأجسام المضادة وحيدة النسيلة الفأرية الخاصة بمرض باركنسون ,Characterization of Mouse Monoclonal Antibodies Specific for Parkinson's Disease Pathology
D006, المنهاج القرآني في تقويم العاطفة تجاه الأهل والعشيرة ,The Qur'anic curriculum in evaluating the passion towards the parents and the clan
D007, التأثير الإسلامي في فكر العالم اليهودي سعيد بن يوسف الفيومي ,The Islamic Influence in the Thought of the Jewish World Said Bin Yusuf Al Fayoumi
D008, تقدير وتصفية التوافقيات ,estimation and filtering of harmonics
D009, دراسة EPR لمجمعات الفاناديل مع قواعد شيف المشتقة من S-Methyl - ,EPR study of vanadyl complexes with Schiff bases derived from S-Methyl-Carbodithioato-Hydrazine
D010, التحليل الكيميائي لبعض عقارات البنسلين والسيفالوسبورين ,Chemical analysis of some penicillin and cephalosporin properties
D011, دراسة السياسة العامة لمكافحة التلوث النفطي البحري في دولة قطر ,Study the general policy to combat marine oil pollution in the State of Qatar
D012, الدولة الإسلامية تساؤلات الضرورة والإستحالة ,Islamic state questions of necessity and impossibility
D013, جهود علماء المسلمين في تصنيف الأديان في ضوء علم تاريخ الأديان المعاصر ,The efforts of Muslim scholars in the classification of religions in light of the history of contemporary religions
D014, تطوير محرك بحث وفهرسة مستندات قرآنية ,Development of a search and indexing engine coranic documents
D015, تصور وتنفيذ محرر النص CoraniqueAuthentic ,Conception and realization of a text editor CoraniqueAuthentic
D016, الخصائص المحلية لاحد الرواسم الهرمونية من نوع كثيرات الحدود ,Local Properties of Some Polynomial Classes of Harmonic Mappings
D017," تدخلات محفزة إيدولوجيا في الترجمة العربية: توماس فريدمان في صحيفة ""الشرق   الأوسط"" ","Advocacy-driven interventions in Arabic translation: Thomas Friedman in the newspaper ""Middle East"""
D018, الإعلان الإسلامي بشأن تغير المناخ: حل للاحترار العالمي؟ ,Islamic Declaration on Climate Change: A Solution to Global Warming?
D019, استثمار أموال الوقف في الفقه الإسلامي والتجربة الإندونيسية ,Investing Waqf funds in Islamic jurisprudence and Indonesian experience
D020, التربية الإسلامية في أواخر اسطنبول العثمانية: إصلاح المدرس والمدرسة (1908-1924),Islamic Education in Late Ottoman Istanbul: Ulema and Madrasa Reform (1908-1924)
D021, العلاقات الاجتماعية لحركة طالبان ,Taliban social relations
D022, يمكن الوصول إلى صنع التاريخ الشفوي من خلال الترجمة ,Making oral history can be accessed Through SubTitles
D023, البنية القانونية للتمويل الإسلامي في قطر ,The Legal Infrastructure of Islam Finance in Qatar
D024, العلاقات بين قطر وتركيا من الناحية السياسية والاقتصادية و المنظور العسكري ,"Qatar-Turkey Relations from Political, Economical and Military Perspectives"
D025," قوامة الرجال على النساء في كتب التفسير, دراسة تحليلية تطبيقية على المجتمع  القطري ",The rule of men over women in the books of interpretation An Analytical and Applied Study on the Qatari Community
D026," المراد بكلمة دعاء في حياة نساء المسلم السني، دراسة ارتقائية في الدوحة ","What is meant by the word Duaa in the life of Sunni Muslim women, a qualitative study in Doha"
D027, تطور الفتاوى المصرفية من جنوب شرق آسيا والخليج العربي: دراسة فقهية مقارنة ,Evolution of Banking Fatwas from Southeast Asia and the Arabian Gulf: A Comparative Juristic Study
D028, التحوط ضد مخاطر معدل العائد في المصارف الإسلامية مع إشارة خاصة إلى البنوك  الإسلامية الخليجية ,Hedging Against Rate of Return Risk in Islamic Banks with Special Reference to GCC Islamic Banks
D029, موفري خدمات الترجمة في قطر : نحو نموذج متماسك ومأمون ,TRANSLATION SERVICE PROVIDERS IN QATAR AND CONFIDENTIALITY: TOWARD A CONSISTENT AND SECURE MODEL
D030, تنسيق ترجمة: الترجمة العربية والتحليل بتطبيق مونداي لإطار التقييم لدراسات  الترجمة ,TRANSLATING METALANGUAGE: AN ARABIC TRANSLATION AND ANALYSIS OF MUNDAY'S APPLICATION OF THE APPRAISAL FRAMEWORK TO TRANSLATION STUDIES
D031, الألفاظ الدالة على القول في القرآن الكريم (دراسة دلالية) ,The indicating words used in the Holy Quran (a semantic study)
D032, المنهاج القرآني في مواجهة الفساد المالي ,The Quranic curriculum in the face of financial corruption
D033, النص وتشكلاته الثقافية في الفكر الحداثي عند أدونيس ,Text and its Cultural Formations in Modernist Thought at Adonis
D034, الهرمية الدينية بين الكاثوليك والشيعة الإمامية : دراسة تحليلية ,Religious Hierarchy between Catholics and Imams: An Analytical Study
D035, دراسة السياسة العامة لمكافحة التلوث النفطي البحري في دولة قطر ,Study the general policy to combat marine oil pollution in the State of Qatar
D036, دور حملات التوعية في تكوين معرفة ووعي الجمهور القطري بالسلوكيات الإيجابية ,The role of awareness campaigns in the formation of knowledge and awareness of the Qatari public with positive behaviors
D037, رؤية جديدة لدور المؤسسات المالية الإسلامية في تمويل رأس المال الإنتاجي و البشري ,A new vision for the role of Islamic financial institutions in financing productive and human capital
D038, مفهوم الهيمنة في القران الكريم ,The concept of hegemony in the Quran
D039, من دعاوى المستشرق جولدتسيهر حول العقيدة - موقف الشيخ محمد الغزالي ,From the claims of orientalist Goldeshehr on the doctrine ‐ the posi on of Sheikh Mohammed al ‐ Ghazali
D040, الوكالة بأجر وتطبيقاتها في المؤسسات المالية في دولة قطر ,Wage Agency and its applications in financial institutions in the State of Qatar
D041, اهمية المعجم لدى الطفل القطري ,The importance of the lexicon in the Qatari child
D042, إمتصاص موجات الضوء وانتقال الطاقة في طبقة سيليكون رقيقة وارتباطها بالتطبيقات ,Absorption of light waves and energy transfer in a thin silicon layer and their association with applications
D043," الدراسات الصوتة والمقاومة لعضو الخبر, تشكيل الدمام ,المحافظة الشرقية, المملكة العربية السعودية","ACOUSTIC AND RESISTIVITY STUDIES OF THE KHOBAR MEMBER, THE DAMMAM FORMATION, EASTERN PROVINCE, SAUDI ARABIA"
D044,التحكم في الضوضاء الصوتية باستخدام غرف توسعه متعدده,ACOUSTIC NOISE CONTROL USING MULTIPLE EXPANSION CHAMBERS
D045,الحقل الصوتي في محيط غير متجانس,The acoustic field in a heterogeneous setting
D046,مولدات ذبذبه ومرشحات باستخدام مكبر العمليات ذو التغذيه التياريه الراجعه,ACTIVE FILTERS AND OSCILLATORS USING CURRENT FEEDBACK OPERATIONAL AMPLIFIERS
D047,البلازونات النشط : طرق جديدة لتحويل البلازمونات السطحية,ACTIVE PLASMONICS: SURFACE PLASMON POLARITON MODULATION
D048,فعالية الحفاز N i/y A l20 3 لتفاعل الميثان,Activity of N i/y A l20 3 catalyst for a methanation reaction
D049,تكييف تابو البحث عبر الانترنت لاستيعاب التغيرات في الطلب على شبكه البيانات,Adapting Tabu Search to Accommodate Online demand variations in a Data Network
D050, تقدير خوارزمات التكفة للقناة: استخدام المعلومات المسقة للتصمم الأمثل ,ADAPTIVE ALGORITHMS FOR CHANNEL ESTIMATION: USING APRIORI INFORMATION FOR OPTIMAL DESIGN
D051,التحكم التكيفي في الموقف من الاقمار الصناعيه,ADAPTIVE ATTITUDE CONTROL OF SATELLITE
D052, القنوات شه العماء واستعادة البانات  OFDM,SEMI BLIND CHANNEL AND DATA RECOVERY IN OFDM
D053, وحدات نقية تماما ومفاهيم ذات صلة ,ABSOLUTELY PURE MODULES AND RELATED CONCEPTS
D054, المساوات التكيفية باستخدام معدل مربع الخطا ,Adaptive equality using a square error rate
D055, موقع الخطأ التكيفي في شبكات نظام الطاقة  استنادا الى قياسات المرحله المتزامنه,Adaptive Fault Location in Power System Networks Based on Synchronized Phasor Measurements
D056, الترشيح المتكيف باستخدام خوارزمية النورم المختلط الاصغري وتطبيقه في حذف   الصدى ,ADAPTIVE FILTERING USING THE LEAST-MEAN MIXED-NORMS ALGORITHM AND ITS APPLICATION TO ECHO CANCELLATION
D057, التحكم في الطراز الداخلي الضبابي التكيفي ,ADAPTIVE FUZZY INTERNAL MODEL CONTROL
D058, إطار تكيفي مبني على المنطق الضبابي للتعامل مع عدم الدقة وعدم اليقين في تصنيف   الأنماط لمجموعات بيانات المعلوماتية الحيوية ,Adaptive Fuzzy Logic Based Framework for Handling Imprecision and Uncertainty in Pattern Classification of Bioinformatics Datasets
D059, إطار منطقي تكيفي للتعامل مع عدم الدقة وعدم اليقين في نماذج التنبؤ بجهد تطوير  البرامج ,ADAPTIVE FUZZY LOGIC BASED FRAMEWORK FOR HANDLING IMPRECISION AND UNCERTAINTY IN SOFTWARE DEVELOPMENT EFFORT PREDICTION MODELS
D060, ترميز تصحيح أخطاء إعادة التوجيه التكيفي لأنظمة الاتصال المتنوعة ,ADAPTIVE FORWARD ERROR CORRECTION CODING FOR DIVERSITY COMMUNICATION SYSTEMS
D061, الإطار المنطقي الضبابي التكيفي للتنبؤ بجهود تطوير البرامج ,ADAPTIVE FUZZY LOGIC BASED FRAMEWORK FOR SOFTWARE DEVELOPMENT EFFORT PREDICTION
D062, الاكتشاف التكيفي متعدد المستخدمين باستخدام معادل تعليقات القرار لإلغاء التداخل ُ ,Adaptive Multiuser Detection with Decision Feedback Equalizer for Interference Cancellation
D063, وحدة تحكم شبكات عصبية تكيفية لفاصل الزيت / الماء للسطح المضمن ,AN ADAPTIVE NEURAL NETWORKS CONTROLLER FOR THE INLINE SURFACE OIL/WATER SEPARATOR
D064, وحدة تحكم مثالية في SMES لتحسين الأداء لنظام الرياح PMSG ,AN ADAPTIVE OPTIMUM SMES CONTROLLER FOR PERFORMANCE EHANCEMENT OF PMSG WIND SYSTEM
D065, اعتماد نماذج DCPS في الوقت الفعلي لجودة الخدمة (QoS) ومقاييس الموثوقية   الأخرى على الأداء العالي وحوسبة الشبكة ,Adopting QoS Real-Time DCPS Models and Other Reliability Measures on High Performance and Grid Computing
D066, معادلة تكيفية تعتمد على تقنيات تحسين حشد الجسيمات ,Adaptive Equalization Based on Particle Swarm Optimization Techniques
D067, نموذج هجين AHP و DEA لتجميع مقاييس الأداء وترتيب وحدات اتخاذ القرار ,AHP and DEA Hybrid Model for Performance Measures Aggregation and Ranking of Decision Making Units
D068, تحليل بروتوكولات MAC القائمة على التنافس في ظل التلاشي متعدد المسارات   وإدارة الموارد ,Analysis of Contention Based MAC Protocols under Multipath Fading and Resource Management
D069, تحليل بروتوكولات التحكم في الوصول إلى الوسائط على أساس الاكتظاظ في ظل   ظروف التلاشي وإدارة الموارد ,Analysis of media access control protocols based on overcrowding under fading conditions and resource management
D070," تحليل أسطح الأسقف المنحنية ًأفقيا ، والتي هي من نوع البلاط الذي يستمر ًداخليا على   أعمدة رأسية ",Analysis of the horizontally curved roof surfaces which are of the type of tiles that continue internally on vertical pillars
D071, دراسة الشكل الموجي المستقطب المغطى بالمعدن بطريقة الخطوط ,Study of the polarized waveform encased in metal using the method of lines
D072, تحليل موجه الموجة المتعدد الطبقات لفرض تعزيز المجال في المواد ذات معامل   الانكسار المنخفض ,ANALYSIS OF MULTI-LAYER ARROW PLANAR WAVEGUIDE FOR EVANESCENT FIELD ENHANCEMENT IN LOW-INDEX MEDIA
D073, تحليل هياكل فجوة نطاق واحدة وثنائية الأبعاد باستخدام طريقة مؤتمتة للخطوط مع   حالات انقطاع تعسفي طولية ,ANALYSIS OF ONE AND TWO DIMENSIONAL BANDGAP STRUCTURES USING AUTOMATED METHOD OF LINES WITH ARBITRARY LONGITUDINAL DISCONTINUITIES
D074, تحليل المفاعل الحيوي للسرير المعبأ تحت استخدام أحادي ومتعدد الركائز ,ANALYSIS OF PACKED BED BIOFILM REACTOR UNDER SINGLE AND MULTIPLE SUBSTRATE UTILIZATION
D075, تحليل طرق الوصول العشوائي عبر قنوات التلاشي لأنظمة المخزن المحدود للمستخدم   المحدود ,Analysis of Random Access Methods Over Fading Channels for Finite-User Finite-Buffer Systems
D076, تحليل العوامل التي تؤثر على وقت التبلور لنظام بولي أكريلاميد ريدوكس ,ANALYSIS OP THE FACTORS AFFECTING THE GELATION TIME FOR POLYACRYLAMIDE-REDOX SYSTEM
D077, تحليل المجال غير المتجانس حول خطوط التيار المستمر ذات الجهد العالي ,Analysis of the heterogeneous field around high voltage DC lines
D078, تحليل المجال الكهربائي المتاين حول خطوط نقل الطاقة الكهربائية متعددة الاطوار ,ANALYSIS OF THE IONIZED FIELD AROUND MULTI-PHASE POWER TRANSMISSION LINES
D079, تحليل خصائص النقل المضطرب في التدفق الدوامي لجهاز الاحتراق من النوع العلب ,Analysis of Turbulent Transport Properties in a Swirling Flow of a Can-type Combustor
D080, تحليل خصائص النقل المضطرب في المجال القريب للطائرة الحرة المضطربة   المتساوية الحرارة ,Analysis of Turbulent Transport Properties in the near Field of an Isothermal Turbulent Free Jet
D081," تحليل الطائرات المضطربة ، والزاوية ، والكثيفة التي تم تفريغها إلى مناطق سريعة أو   موحدة أو ثابتة ","ANALYSIS OF TURBULENT, AXISYMMETRIC,DENSE JETS DISCHARGED TO QUIESCENT,UNIFORM OR STRATIFIED AMBIENTS"
D082, تحليل قارنة التوصيل الاتجاهي الانتقائي ذات الطول الموجي مع التجاويف الهوائية ,ANALYSIS OF WAVELENGTH SELECTIVE DIRECTIONAL COUPLER WITH AIR GROOVES
D083, تحليل الأصداف العامة المصفحة التي تخضع للدوران المنتهي والحركة الكبيرة ,ANALYSIS OF LAMINATED GENERAL SHELLS UNDERGOING FINITE ROTATIONS AND LARGE MOTION
D084, تحليل تدفق السوائل وانتقال الحرارة حول كرة السائل وداخلها ,Analysis of fluid flow and heat transfer around and inside a ball of fluid
D085, تطبيق تقنيات H ∞ الأمثل في معالجة الصور والإشارات ,Application of H∞ optimization techniques in image & signal processing
D086, تطوير الطرق التحليلية لتحليل الملوثات العضوية والعضوية الدقيقة في المواد البيئية ,ANALYTICAL METHODS DEVELOPMENT FOR THE ANALYSIS OF ORGANOMETALLIC AND ORGANIC MICRO-CONTAMINANTS IN ENVIRONMENTAL MATRICES
D087, الحساب التحليلي لموجات الصدمات القوسية من أجنحة الرفع فوق الصوتية المشكلة ّ   من دلتا ,ANALYTICAL CALCULATION OF BOW SHOCK WAVES FROM DELTA SHAPED SUPERSONIC LIFTING WINGS
D088, العنصر التحليلي والنهائي التحقيق في تأثير التخليص الأولي على القوة المشتركة من   الأنبوب إلى الأنبوب ,ANALYTICAL AND FINITE ELEMENT INVESTIGATION OF INITIAL CLEARANCE EFFECT ON TUBE-TO-TUBESHEET JOINT STRENGTH
D089, محاكى تحليلي لاطلاق خدمة الهاتف عبر الاي بي (IP),An Analytical Simulator for Deploying IP Telephony
D090, تحليل فعالية إجراءات التعقيد في التكامل القائم على اختبار المكونات ,Analyze the Effectiveness of Complexity Measures in Component-Based Integration Testing
D091, تقنية كشف الشذوذ لتحليل بيانات Honeynet ,Anomaly Detection Technique for Honeynet Data Analysis
D092, نمذجة وكشف الشذوذ للبنى التحتية لاتصالات الشبكة الذكية ,Anomaly Modeling and Detection for Smart Grid Communication Infrastructures
D093, نهج الحلقي للمجموعات الفرعية الضبابية ,An Annulus Approach to Fuzzy Subgroups
D094, خوارزمية التحسين المتعدد لمستعمرة النمل لتقسيم الدائرة الثنائية ,Ant Colony Multi-Optimization Algorithm for Circuit Bi-partitioning
D095, تطبيق نماذج الذكاء الاصطناعي في التنبؤ بتدفق حركة المرور وتحديد نقاط التوقف   في وقت اليوم ,APPLICATION OF ARTIFICIAL INTELLIGENCE MODELS IN TRAFFIC FLOW PREDICTION AND TIME-OF-DAY BREAKPOINTS DETERMINATION
D096, تطبيق الإنزيم على المياه الحيوية من ثنائي كلوريد الإيثيلين والبترول ,Application of Enzyme to Bioremediate Water From Ethylene Dichloride and Oil
D097, تطبيق الخواص الزلزالية المتعددة في تقدير خصائص المكمن ,Application of Multi-Seismic Attributes in Estimating Reservoir Properties
D098, تطبيق غشاء التناضح العكسي متعدد الطبقات متعدد الإلكتروليت في تحلية مياه البحر ,Application of Polyelectrolyte Multilayer Reverse Osmosis Membrane in Seawater Desalination
D099, تطبيق الشبكة العصبية لتحديد نموذج اختبار جيد التفسير للآبار الأفقية ,APPLICATION OF NEURAL NETWORK TO THE DETERMINATION OF WELL-TEST INTERPRETATION MODEL FOR HORIZONTAL WELLS
D100, تطبيق تقنية تحلل النبض لتوصيف النوى الكاملة ,Application of pulse-decay technique to characterize whole cores
D101, تطبيق نظرية المصفوفة العشوائية لمشاكل البث اللاسلكي ومعالجة الإشارات الزلزالية ,APPLICATION OF RANDOM MATRIX THEORY TO WIRELESS BROADCAST PROBLEMS AND SEISMIC SIGNAL PROCESSING
D102, تطبيق شبكة الترميزات الزمنية لإرسال الصور عبر القنوات اللاسلكية ,Application of network temporal encodings to send images via wireless channels
D103, تطبيق تقنيات المويجات لتحليل اهتزاز الآلات الدوارة ,Application of Wavelet Techniques to Vibration Analysis of Rotating Machinery
D104, تطبيقات تقنية احتراق الوقود بالأكسجين في أجهزة الاحتراق التوربينية الغازية   ومفاعلات غشاء النقل الأيوني ,Applications of oxy-fuel combustion technology into gas Turbine combustors and ion transport membrane reactors
D105, التقريبية للتماثلات الكاذبة ,Approximate Lie Symmetries
D106, التقريب بواسطة المويجات ,APPROXIMATION BY WAVELETS
D107, استرجاع الوثائق العربية باستخدام الفهرسة كامنة الدلالية ,ARABIC DOCUMENT RETRIEVAL USING LATENT SEMANTIC INDEXING
D108, التعرف الضوئي لنوع الخط العربي المطبوع ,ARABIC FONT RECOGNITION
D109, التعرف على لغة الإشارة العربية باستخدام قفاز الكتروني ,ARABIC SIGN LANGUAGE RECOGNITION USING AN INSTRUMENTED GLOVE
D110, الهندسة المدنية للعمليات الحسابية في حقل جالوا GF (م2 ) ,Civil Engineerings for Arithmetic Operations in Galois field GF(2m)
D111, تصميم مصفوفة بوابة قابلة للبرمجة باستخدام ذاكرة مستقرة ,Design of programmable gate array using stable memory
D112, تقنيات الذكاء الاصطناعي في توصيف المكامن ,Artificial Intelligence Techniques in Reservoir Characterization
D113, تقييم تأثيرات جودة الهواء للغاز الطبيعي ووقود الزيت الخام عند محطة طاقة بخارية   تبلغ 600 ميجاوات ,ASSESSMENT OF AIR QUALITY IMPACTS OF NATURAL GAS AND CRUDE OIL FUEL AT 600 MW STEAM POWER PLANT
D114, إدخال نظام دورة التكلفة في بناء المشاريع ,Introducing the cost-lifecycle system in the construction of projects
D115, تقييم أثر حماية البيانات والتشاور المسبق ,Evaluation of the impact of data protection and prior consultation
D116, تقييم تراكيز الكلوريد والكبريتات في الخرسانة باستخدام مطياف الانهيار المستحث   (LIBS) بالليزر ,Assessment of Chloride and Sulfate Concentrations in concrete Using Laser-Induced Breakdown Spectroscopy (LIBS)
D117, هندسة مدنية لتدفق المستندات الآمن وأنظمة الأرشفة ,An Civil Engineering for Secure Document Flow & Archival Systems
D118, نظام آلي لإنتاج الجمل العربية ,AN ARABIC SENTENCE GENERATOR
D119, التعرف الآلي على خط اليد العربي باستخدام السمات البنائية والنمطية ,ARABIC HANDWRITTEN TEXT RECOGNITION USING STRUCTURAL AND SYNTACTIC PATTERN ATTRIBUTES
D120, تقييم استخدام الكائنات الحية الدقيقة المحلية للمعالجة الحيوية للمواقع الملوثة   بالهيدروكربونات البترولية ,Assessing the Use of Local Indigenous Microorganisms for the Bioremediation of Sites Contaminated With Petroleum Hydrocarbons
D121, تحليل ونمذجة قالب البثق الساخن لتحسين عمر الخدمة ,Analysis and Modeling of Hot Extrusion Die for its Service Life Enhancement
D122," جوانب اتجاهات العصر البرمي القديم في خزان عنيزة أ ، تحت السطح شرق وسط   المملكة العربية السعودية ، باستخدام البيانات الأساسية المتكاملة وسجل الصور ","Aspects of Permian Paleowind Directions in the Unayzah-A Reservoir, Subsurface Eastern Central Saudi Arabia, Utilizing Integrated Core and Image Log Data"
D123, امتزاز الغازات الخفيفة وخلائطها على زيوليت 115-  SR و 10-  ETS ,Adsorption of Light Gases and Their Mixtures on SR-115 and ETS-10 Zeolites
D124, إمتصاص عوامل التخمير على الحجر الجيري العربي السعودي ,ADSORPTION OF SURFACTANTS ON SAUDI ARABIAN LIMESTONE
D125, الخوارزميات المتقدمة في كشف CDMA ,ADVANCED ALGORITHMS IN CDMA DETECTION
D126, نمذجة جيولوجية متقدمة وتحليل غير مؤكد في خزان الغاز الكلاسيكي المعقد من   المملكة العربية السعودية ,ADVANCED GEOLOGICAL MODELING AND UNCERTAINTY ANALYSIS IN A COMPLEX CLASTIC GAS ESERVOIR FROM SAUDI ARABIA
D127, مساعدة لتجميع كود الخصائص المتشابهة ,An Aid to Similar Characteristics Code Clustering
D128, داء مكيفات الهواء باستخدام بادئ تشغيل ناعم ,AIR CONDITIONERS PERFORMANCE USING SOFT STARTER
D129," فصل الهواء على المناخل الجزيئية الكربونية ، الزيوليت A  4 و A  5 عن طريق   امتزاز التأرجح بالضغط ","Air Separation on Carbon Molecular Sieves, 4A and 5A Zeolites by Pressure Swing Adsorption"
D130, كل تعديل الانعكاس البصري باستخدام السطحية الرنين البلازموني ,ALL OPTICAL REFLECTIVITY MODULATION UTILIZING SURFACE PLASMON RESONANCE
D131, بولي إلكتروليتات البرمائية: التوصيف والتطبيق في التخثر / التلبيد ,AMPHIPHILIC POLYELECTROLYTES: CHARACTERIZATION AND APPLICATION IN COAGULATION/FLOCCULATION
D132, تحليل وتطبيق التحسين الميداني الطارئ في موجة السهم متعدد الطبقات ,ANALYSIS AND APPLICATION OF EVANESCENT FIELD ENHANCEMENT IN MULTI-LAYER ARROW WAVEGUIDE
D133, تحليل وتصنيف أنظمة السمعة في شبكات النظير إلى النظير ,ANALYSIS AND CLASSIFICATION OF REPUTATION SYSTEMS IN PEER-TO-PEER NETWORKS
D134, تحليل وتصميم الأنابيب المدفونة ,ANALYSIS AND DESIGN OF BURIED PIPELINES
D135, تحليل وتنفيذ RTDS من ستاتكوم لتعزيز استقرار نظام الطاقة ,ANALYSIS AND RTDS IMPLEMENTATION OF STATCOM FOR POWER SYSTEM STABILITY ENHANCEMENT
D136, تحليل إضافة / إسقاط مرشحات الموجة الضوئية بأشكال تجويف مستوية ,ANALYSIS OF ADD/DROP OPTICAL WAVEGUIDE FILTERS WITH PLANAR CAVITY SHAPES
D137, تحليل إضافة / إسقاط مرشحات الموجة الضوئية مع التجاويف الرنانة المضمنة   باستخدام طريقة الخطوط ,ANALYSIS OF ADD/DROP OPTICAL WAVEGUIDE FILTERS WITH EMBEDDED RESONANT CAVITIES USING THE METHOD OF LINES
D138, تحليل تجويف دليل الموجة الضوئية العاكس المضاد باستخدام طريقة الخطوط ,ANALYSIS OF ANTIRESONANT REFLECTING OPTICAL WAVEGUIDE GRATING USING THE METHOD OF LINES
D139, امتزاز ثاني أكسيد الكربون باستخدام الرماد المتطاير المعالج كيميائيا ً ,Adsorption of Carbon Dioxide Using Chemically Treated Fly Ash
D140, التقييم والتنبؤ وتحسين موثوقية قوالب البثق ,"Assessment, Prediction and Enhancement of the Reliability of Extrusion Dies"
D141, تقييم حالة بداية التيار الصاعد من قضبان فرانكلين النشطة ,Assessment of Onset Condition of Upward Streamer from Energized Franklin rods
D142, تقييم ممارسات القدرة الإنشائية بين المقاولين العامين في المنطقة الشرقية بالمملكة   العربية السعودية ,ASSESSMENT OF CONSTRUCT ABILITY PRACTICES AMONG GENERAL CONTRACTORS IN THE EASTERN PROVINCE OF SAUDI ARABIA
D143," تقييم البارامترات الهيدروجيولوجية من دراسة المقطع الرقيق للحجر الرملي   الطباشيري الأوسط ، تكوين الواسيا ، المملكة العربية السعودية ","Assessment of hydrogeological parameters from thin section study of Middle Cretaceous sandstone, Wasia Formation, Saudi Arabia"
D144, تقييم قيمة R الفعالة لبناء المغلف باستخدام تقنية عالية الدقة للتصوير الحراري ,ASSESSMENT OF EFFECTIVE R-VALUE OF BUILDING ENVELOPE USING HIGH DEFINITION THERMAL IMAGING TECHNIQUE
D145, تقييم قوة الخرسانة عن طريق اختبار لور وكابو ,ASSESSMENT OF CONCRETE STRENGTH BY LOR AND CAPO TESTS
D146, تقرير حول تقييم الوضع الراهن للبنية التحتية وسياسات قطاع الإعلام في المملكة   العربية السعودية ,ASSESSMENT OF FACTORS AFFECTING BUILDING MAINTENANCE MANAGEMENT AUDITING IN SAUDI ARABIA
D147, تقييم تصميم وتشغيل أنظمة التدفئة والتهوية وتكييف الهواء من أجل جودة الهواء   الداخلي في المملكة العربية السعودية ,Assessment of HVAC Systems Design and Operation for Indoor Air Quality in Saudi Arabia
D148, تقييم تصورات إدارة المخاطر وممارسات مقاولي البناء في المملكة العربية السعودية ,Assessment of Risk Management Perceptions and Practices of Construction Contractors in Saudi Arabia
D149, تقييم إجراءات السلامة في تصميم المباني السكنية في المملكة العربية السعودية ,ASSESSMENT OF SAFETY MEASURES IN THE DESIGN OF RESIDENTIAL BUILDINGS IN SAUDI ARABIA
D150, تقييم العلاقة بين حجم LNAPL المنسكب وسمكه في مراقبة الآبار مع الأخذ في   الاعتبار تاريخ تقلب جدول المياه ,ASSESSMENT OF THE RELATIONSHIP BETWEEN THE SPILLED LNAPL VOLUME AND ITS THICKNESS IN MONITORING WELLS CONSIDERING THE WATER TABLE FLUCTUATION HISTORY
D151, تقييم المشكلات التي تواجه صناعة الصيانة في المملكة العربية السعودية ,ASSESSMENT OF THE PROBLEMS FACING THE MAINTENANCE INDUSTRY IN SAUDI ARABIA
D152, تقييم عدم اليقين في قياسات المسامية باستخدام الرنين المغناطيسي النووي وأدوات   التسجيل التقليدية في مكامن الكربونات ,Assessment of Uncertainty in Porosity Measurements using NMR and Conventional Logging Tools in Carbonate Reservoirs
D153, إجراء تقييم للجودة البيئية الداخلية المقبولة في مرافق الرعاية الصحية ,AN ASSESSMENT PROCEDURE FOR ACCEPTABLE INDOOR ENVIRONMENTAL QUALITY IN HEALTH CARE FACILITIES
D154, لشبكات العصبية المرتبطة بالذاكرة لتصحيح الأخطاء في رموز الكتل الخطية ,ASSOCIATIVE MEMORY NEURAL NETWORKS FOR ERROR CORRECTION OF LINEAR BLOCK CODES
D155, الحث غير المتماثل في إضافة سيكلو 1.3 -ثنائي القطب باستخدام النيترونات اللولبية ,"Asymmetric Induction In 1,3-Dipolar Cycloaddition Using Chiral Nitrones"
D156, السلوك المقوم لحلول بعض مشكلات المرونة المرئية ّ ِ ,ASYMPTOTIC BEHAVIOUR OF SOLUTIONS OF SOME VISCOELASTIC PROBLEMS
D157, مهاجمة شبكات الاتصال المجهولة من خلال تصحيح المنفذ ,ATTACKING ANONYMOUS COMMUNICATION NETWORKS THROUGH PORT REDIRECTION
D158, المصادقة على تخصيص العناوين غير الرسمية في شبكات 6  IPv ,AUTHENTICATION FOR STATELESS ADDRESS ALLOCATION IN IPv6 NETWORKS
D159, تقييم مستوى السلامة في أداء أعمال صيانة المباني في المملكة العربية السعودية ,ASSESSMENT OF SAFETY LEVEL IN PERFORMING BUILDING MAINTENANCE WORK IN SAUDI ARABIA
D160, تقييم الخصائص الجيوتقنية لخلائط الرمل المارل المستقرة للأغراض الإنشائية ,Assessment o f the geotechnical properties of stabilized sand-marl mixtures for constructional purposes
D161, تقييم الكثافة وقوة القص في الرمال الشرقية السعودية باستخدام اختبار اختراق   المخروط الديناميكي (DCPT) ,ASSESSMENT OF DENSITY AND SHEAR STRENGTH OF EASTERN SAUDI SANDS USING DYNAMIC CONE PENETRATION TESTING (DCPT)
D162, أتمتة إيصال الأنسولين إلى مرضى السكر ,Automated Insulin Delivery to Diabetic Patients
D163, الية vhdl المؤلفة من ahpl ,Automated VHDL Composition from AHPL
D164, التعرف الالي على الصكوك العربية المكتوبة يدويا ,Automatic Arabic Handwritten Check Recognition
D165, التصنيف التلقائي للكلام والموسيقى في الصوت المرقم ,Automatic Classification of Speech & Music in Digitized Audio
D166, الالتقاط الالي للموجات الأولية الارتدادية باستخدام معدلات الطاقة ,Automated capture of reverberated primary waves using energy rates
D167, استخدام المعدات والمواد الموفرة للطاقة ,Use of energy efficient equipment and materials
D168, جهاز فوترة آلي للخدمات العامة ,Automatic billing device for public services
D169, نظام AutoVLSI : نظام تخطيط لتصميمات VLSI العامة للخلية ,AutoVLSI SYSTEM: A Layout System for General-Cell VLSI Designs
D170, التصميم الخلفي لنظام نمطى للتركيب العالي ,BACK-END DESIGN OF A FORMAL HIGH LEVEL SYNTHESIS SYSTEM
D171, قواعد الاتصال الاكفا للطاقة و مدى الترددات للشبكات اللسلكية في وجود قنوات   متلاشية ,Bandwith and Power Efficient Routing protocols for wireless Ad Hoc Networks in the presence of Fading Channel
D172, تحديد القياسات الأولية لكمية المبيدات الحشرية العضوية الكلورية والفسفورية في   الخليج العربي ,Baseline Monitoring of Selected Organochlorine Pesticides (OCPs) and Organophosphorus Pesticides (OPPs) in the Arabian Gulf
D173, التنبؤ البايزي لنموذج الانحدار الخطي المتعدد مع الارتباط التلقائي من الدرجة الأولى ,Bayesian Prediction for the Multiple Linear Regression Model with First Order Autocorrelation
D174, تخمين Bazzoni-Glaz حول البعد العام الضعيف للحلقات الغاوسية ,Bazzoni-Glaz Conjecture on the Weak Global Dimension of Gaussian Rings
D175, سلوك نموذج مجموعة الخوازيق المحملة لاحقا في الرمال ً ,BEHAVIOR OF LATERALLY LOADED PILE GROUP MODEL IN SAND
D176, سلوك الموجات النافذة في أوساط التكبير ,BEHAVIOR OF TRANSMITTED WAVE IN GAIN MEDIA
D177, مقارنة أداء نظم الصيانة في بروكتر و غامبل ,Benchmarking Maintenance Systems in Procter and Gamble
D178, مقاييس وتقييم تقنية البصمة المائية في البرمجيات ,BENCHMARKING FRAMEWORK FOR SOFTWARE WATERMARKING
D179, خوارزمية معادلة أعمى مع إجراء متغير حجم الخطوة ,A Blind Equalization Algorithm With Variable Step-Size Procedure
D180, المعالجة البيولوجية للملوثات الخطرة في تسلسل المفاعلات الدفعية ,BIOLOGICAL TREATMENT OF HAZARDOUS CONTAM INANTS IN SEQUENCING BATCH REACTORS
D181, الخصائص الحيوية كأداة لمعايرة الاتصال الرسمي الجوراسي في الجبيله العربية من   OUTCROP في منطقة الرياض إلى السطح في شرق المملكة العربية السعودية ,BIOFACIES AS A TOOL FOR CALIBRATING THE JURASSIC JUBAILA-ARAB FORMATIONAL CONTACT FROM OUTCROP IN RIYADH AREA TO SUBSURFACE IN EASTERN SAUDI ARABIA
D182, الفصل الثنائي بواسطة عمليات امتزاز الضغط المتراجع ,Duodenal separation by means of compressive stresses
D183, ظاهرة التفرع في امتصاص الغاز المتفاعل غير ثابت الحراره ,BIFURCATION PHENOMENA IN NON-ISOTHERMAL REACTIVE GAS ABSORPTION
D184, السندات والمتانة للقضبان الفولاذية المطلية بالإيبوكسي الملتصقة بالانصهار ,BOND AND DURABILITY OF FUSION-BONDED EPOXY-COATED STEEL BARS
D185, السيطره الحدية للمعادلات التفاضلية الجزئية المكافأه ,Limit control of equivalent partial differential equations
D186, السيطرة الحدية للمعالات التفاضلية الجزئية المكافئة غير الخطية ,Boundary Control of Nonlinear Parabolic PDEs
D187, الخطية المحلية وغير المحلية من أكواد الدرجة الثانية القياسية في الشكل العادي ,local and non-local linearization of scalar second order odes in the normal form
D188, تحليل عنصر الحدود للحزم واللوحات غير المنشورية ,Boundary Element Analysis of Non-Prismatic Beams and Plates
D189, الانقطاع في الحلول الكلاسيكسة لنظام يصف الانتشار الحراري بواسطة الموجة الثانية ,Discontinuation of classical solutions for a system describing the thermal propagation by the second wave
D190, إزالة البرومات من الماء باستخدام الكربون المنشط (AC) والأنابيب النانوية الكربونية   المعدلة متعددة الجدران (MWCNT) ,Bromate Removal From Water Using Activated Carbon (AC) and Modified Multi-walled Carbon Nanotubes (MWCNT)
D191, دراسة إمكانية زيادة قوة التحمل على الاعمدة الحديدية المترابطة ,Studying the possibility of increasing the durability on interconnected iron pillars
D192, نماذج رياضية لحساب تكلفة انشاء مشاريع المدارس الحكومية في المملكة العربية   السعودية ,Mathematical models to calculate the cost of construction of public school projects in the Kingdom of Saudi Arabia
D193, دائرة اختبار ذاتية لاختبار ذاكرة مخططات التوزيع ,Self test circuit to test memory distribution schemas
D194, أساس - C نظام التجميع عالية المستوى ,A C-Based High-Level Synthesis System
D195, الفصل السائب لمخاليط الغازات الثنائية عن طريق ضغط التأرجح بالضغط ,BULK SEPARATION OF BINARY GAS MIXTURES BY PRESSURE SWING ADSORPTION
D196, حساب الانسياب المضطرب و انتقال الحرارة داخل القنوات المتسعة و المنضغطة   دوريا ,Calculations of Turbulent Flow and Heat Transfer in Periodically Converging-Diverging Channels
D197, تأثيرات الطفو على توليد الإدخال بسبب النقل اللاميني المختلط في القنوات العمودية ,BUOYANCY EFFECTS ON ENTROPY GENERATION DUE TO LAMINAR MIXED CONVECTION IN VERTICAL CHANNELS
D198, حسابات تدفق السوائل وانتقال الحرارة في القنوات ,CALCULATIONS OF FLUID FLOW AND HEAT TRANSFER IN EXPANDING DUCTS
D199, المعايرة و التحقق من صحة نموذج المحاكاة المجهري لظروف حركة المرور في   مدينة الخبر بالمملكة العربية السعودية ,CALIBRATION AND VALIDATION OF PARAMICS MICROSCOPIC SIMULATION MODEL FOR LOCAL TRAFFIC CONDITION IN SAUDI ARABIA
D200, معيرة نموذج vissem في حركة المرور في كل من الخبر و الدمام بالمملكة العربية   السعودية ,"CALIBRATION OF VISSIM TO THE TRAFFIC CONDITIONS OF KHOBAR AND DAMMAM, SAUDI ARABIA"
D201, إلغاء الفصوص المحززة في صفائف الهوائي الخطي الممسوحة ضوئيًا باستخدام   الخوارزمية الجينية ,cancellation of grating lobes in scanned linear antenna arrays using genetic algorithm
D202, سعى الوها المقطعة بتاثير اضمحلال ناكاقامي ,capacity of slotted aloha under nakagami fading
D203, دراسة الكربون -13 والنيتروجين -15 والفوسفور -31 بالرنين المغناطيسي النووي   للتخليط وتفاعلات الأكسدة والاختزال لبعض مجمعات الذهب (I) ,"Carbon-13, nitrogen-15, and phosphorus-31 NMR study of the scrambling and the redox reactions of some gold(I) complexes"
D204, تكربن السبانك المكونة أساسا من الحديد عند تعرضها لخليط من غازي الميثان و   الهيدروجين ,carburization behavior of iron based alloys in methane / hydrogen gas mixtures
D205, دراسة حسابية و عملية لتفاعل اول أكسيد الكربون مع الالكاينات في وجود مادة الأمين   و المحفز بوركبات عنصر الباليديوم ,catalytic carbonylation of terminal alkyne with amine: computational and experimental investigations of regioselectivity
D206, التكسير الحفزي للزيت المفرغ : تأثير الإضافات و التأثير الكيناتيكي ,cracking of vgo to produce olefins: effect of additives
D207, الأسباب المؤثرة في فشل المقاولين ,causes of contractors’ failures in saudi arabia
D208, سلسلة البلمرة المحفز الحفاز للميتاكريلات والستايرين ,catalytic chain transfer polymerization of methacrylates and styrene
D209, النمذجة الكنسية للبلاستيك المرن للضرر للخرسانة المسلحة ,canonical elastoplstic - damage modelling of reinforced concrete
D210, النشاط الالكتروحفزي لحفازات الكربون المسامي المعدل في تفاعل اكسدة حمض   الفورميك ,electrocatalytic activity of ce/w modified mesoporous carbon supported pt-pd catalysts for formic acid oxidation
D211, عوامل نقل السلسلة: التوصيف واستخدامها في تفاعلات البلمرة ,chain transfer agents: characterization and their use in polymerization reactions
D212, دراسة حول أسباب حوادث الرحلات العملية للمعلمات في المملكة العربية السعودية ,causes of female teacher work trip accidents in the kingdom of saudi arabia
D213, المعوقات المؤثرة على تطبيق منظومة إدارة المبنى في المباني الإدارية ,challenges affecting the implementation of building management systems in office buildings
D214, تغيير الأوامر في مشاريع البناء في المملكة العربية السعودية ,change orders in construction projects in saudi arabia
D215, تصنيف قنوات البث الميكرويفي في المنطقة الجنوبية من المملكة العربية السعودية ,channel characterization of radio links in the southern region of saudi arabia
D216, تقدير القناة في أنظمة ال OFDM ,channel estimation in OFDM systems
D217, خصائص السائقين الشباب المتسببين في ارتكاب حوادث الطرق في منطقة الدمام   الحضرية ,characteristics of young drivers involved in the road accidents in dammam metropolitan area
D218, تعيين خواص التربة المنتفخة في المنطقة الشرقية من المملكة العربية السعودية ,characterization of expansive soils in the eastern province of saudi arabia
D219, التمثيل القنواتي و تحليل الأداء لقنوات ناكاجامي الموجهة و ذات السعة العالية ,channel modeling and performance analysis of directive wideband nakagami fading channels
D220, تحديد و تنقية مياه من مخلفات الصناعات البتروكيماوية لاجل إعادة الاستعمال ,characterization and treatment of a petrochemical wastewater for reuse
D221, خصائص تدفق الزيوت والمياه والغازات معا في الأنابيب الأفقية ,characterization of gas-oil-water in a horizontal pipeline
D222, دراسة خواص مواد حفازة محتوية على الزيولايت بواسطة تفاعل تكسير الهكسان ,characterization of catalytic materials containing zeolites using w-hexane cracking reaction
D223, توصيف الخرسانة العالية الأداء ,characterization of an ultra-high performance concrete
D224, تقييم و تثبيت التربة الجيرية الموجودة في شرق المملكة العربية السعودية ,characterization and stabilization of eastern saudi marls
D225, وصف مثبطات التآكل العضوية رواية ظروف المتدفقة ,characterization of novel organic corrosion inhibitors under flowing conditions
D226, دراسة البولي اثيلين و مركبات الرماد المتطاير و اثر السطح بالرماد المتطاير على   خصائص المركب ,characterization of polyethylene/fly ash composites and impact of surface modification of fly ash on composite properties
D227," توصيف مكامن صخور الاساس المتكسرة، حوض ملوط، جنوب شرق السودان ","characterization of fractured basement reservoir, melutbasin, southeast sudan"
D228, خصائص تدفق الزيوت والمياه في الأنابيب الأفقية ,Characterization of Oil/Water Flows in Horizontal Pipes
D229, توصيف المناخل الجزيئية عن طريق تكسير n - الهكسان ,characterization of molecular sieves by n-hexane cracking
D230, التأثيرات المعتمد على القوات النووية ,charge dependent effects on nuclear forces
D231, تحديد الخواص الحامضية لمواد الزيولايت و تاثيرها الحفزي في انتاج مادة ميثيل ثالث   بيوتيل الاثير ,characterization of the acidic properties of zeolites and their catalytic behavior in the synthesis of mtbe
D232, توصيف عدم التوافق في وسط وشرق المملكة العربية السعودية ,characterization of the hercynian unconformity in central and eastern saudi arabia
D233, التقاط الالكترونات من الذرات الهيدروجنية بواسطة البوزيترون و الميون الموجب ,electron capture from hydrogenic systems by positrons and positive muons
D234, استقرار كيميائي في منطقة القريا شرق السبخة الشرقية ,chemical stabilization of al qurayyah eastern saudi sabkha soil
D235, دراسة حويصلات وخصائص التنقيط لعضو الحجر الجيري العثمانية العربي (D) حقل   الغوار النفطي ,Lithofacies and diagenetic study of the Uthmaniyah Arab-D Limestone Member (Ghawar oil field)
D236, تصنيف طرق إعادة البناء للبرامج الموجهة نحو الجانب بناء على سمات جودة البرنامج ً ,classification of refactoring methods for aspect oriented programming based on software quality attributes
D237, تصنيف طرق إعادة البناء على أساس سمات جودة البرمجيات ,classification of refactoring methods based on software quality attributes
D238," المطثية العسيرة: تقييم الإصابة ومعرفة تدابير مكافحة العدوى بين العاملين في مجال   الرعاية الصحية في مرفق الرعاية الثالثية بالرياض ، المملكة العربية السعودية ","clostridium difficile: incidence and knowledge assessment of infection control measures among health care workers in a tertiary care facility in riyadh, saudi arabia"
D239, خوارزمية قائمة على التجمع لمشكلة الشجرة المستقيمة ,a clustering-based algorithm for the rectilinear steiner tree problem
D240, مرشحات النطاق الترددي المكمل لمستقبل منخفضة إذا بلوتوث ,cmos bandpass filters for low-if bluetooth receiver
D241, الحصول على الكود في تحسين أنظمة 36 ds-cdma وتنفيذ DSP ,Code acquisition in ds-cdma systems optimization 36 and dsp implementation
D242, تقييم العديد من مثبطات التآكل العضوية عن طريق قياس تدفق نفاذ الهيدروجين ,chronoamperometric evaluation of several organic corrosion inhibitors by the measurement of the hydrogen permeation flux
D243, تقنيات الدوائر CMOS للتطبيقات الطبية الحيوية ,cmos circuit techniques for biomedical applications
D244, انتشار الكلوريد في التنبؤ الملموس لظهور التآكل في الهياكل الخرسانية المسلحة ,chloride diffusion in concrete prediction of the onset of corrosion in reinforced concrete structures
D245, تحسين كيميائي وتطوير الحركية في تحليل حقن التدفق ,chemometric optimization and kinetic developments in flow injection analysis
D246, الجوانب الكيميائية لعدم الاستقرار الحراري في وقود الطائرات النفاثة من الزيوت   الخام السعودية-العربية ,chemical aspects of thermal instability in jet fuels from saudi-arabian crude oils
D247, تحديد حلقة مغلقة للمراقبة التنبؤية النموذجية: دراسة حالة ,closed loop identification for model predictive control: a case study
D248, انتشار شقوق الكلال التاكلي و تاثير مثبط الكروميت في الفولاذ المقاوم للصدا الثنائي   الطور ,corrosion fatigue crack propagation and cjtromate inhibition of duplex stainless steel
D249," التآكل ، والخصائص الهيكلية والميكانيكية الدقيقة من سبائك ملغم المتقدمة مع   الإضافات sc و zr في درجات حرارة مرتفعة ","corrosion, micro structural and mechanical characteristics of advanced al-mg alloys with sc and zr additions at elevated temperatures"
D250, التآكل من سوائل الحفر قاعدة المياه في الآبار العميقة والحارة ,"corrosivity of water-base drilling fluids in deep, hot wells"
D251, تصميم فعال من حيث التكلفة من محول توزيع النوع التقليدي باستخدام تقنيات التحسين ,cost effective design of conventional type distribution transformer using optimization techniques
D252, الحماية من التآكل من الكربون الصلب بواسطة طلاء أكسيد الألومنيوم نانو باستخدام   تقنية البلازما حل الحل ,corrosion protection of carbon steel by aluminum oxide nano coatings using solution plasma spray technique
D253, الاهتزاز الالتوائي الانحناء المتزامن للأعمدة الدورانية باستخدام عنصر محدود ,coupled bending torsional vibration of rotating shafts using finite element
D254," ممارسة تقدير التكاليف للمباني من قبل الشركات في المحافظة الشرقية ، المملكة   العربية السعودية ","cost estimation practice for buildings by firms in the eastern province,saudi arabia"
D255, استراتيجيات الصيانة القائمة على الموثوقية للتبادلات الحرارية المعرضة للقاذورات ,Reliability-based maintenance strategies for heat exchanges subject to fouling
D256, انتشار الكراك في cp vc عند درجات حرارة مختلفة ,crack propagation in cp vc at different temperatures
D257, تعدين البيانات في تحديد خواص كربونات ونفاذية من سجلات الآبار على أساس   أنظمة الاستدلال المنطقي الضبابي من النمط 1 والنوع 2: المنهجية والدراسات المقارنة ,data mining in identifying carbonate lithofacies and permeability from well logs based on type-1 and type-2 fuzzy logic inference systems: methodology and comparative studies
D258, رسم خرائط مدفوعة بالبيانات وتخفيف للانعراجات القريبة من السطح ,data driven mapping and attenuation of near-surface diffractors
D259, الحفر المبرد لرقائق كيفلر المركبة TM ,cryogenic drilling of kevlar composite laminates tm
D260, اختيار المكونات وخطوط الأنابيب باستخدام تطور عشوائي ,component selection and pipelining using stochastic evolution
D261, معايير الامتثال لجودة الخرسانة ,compliance criteria for quality concrete
D262, خطة تفتيش كاملة للمكونات الهامة ,a complete inspection plan for critical components
D263, مقارنة بين المنخربات الحديثة والميوسينية من شرق المملكة العربية السعودية ,comparison of recent and miocene foraminifera from eastern saudi arabia
D264, مقارنة بين الامتصاص الثنائي للبروبان والبيوتانيد على الزيوليت a  5 و 13 x ,comparison of binary sorption of propane and n-butane on 5a and 13x zeolites
D265, مقارنة الإجراءات المقبولة لتحديد الجدول الزمني وتأثير التكلفة ,comparison of accepted procedures for determining schedule and cost impact
D266, دراسة مقارنة للطرق الحسابية لحل معادلات تدفق الخزان ثنائية الأبعاد ,comparative study of computational methods for the solution of the two-dimensional reservoir flow equations
D267, دراسة مقارنة للطرق المختلفة للسيطرة على الاهتزاز في نظم تحمل الدوار ,comparative study of different methods of vibration control of rotor bearing systems
D268, تحليل مقارن للتقنيات الذكية للكشف عن تسيير الانترنت الشاذ c ,a comparative analysis of intelligent techniques for detecting anomalous internet tra c
D269, الاتصال عبر قنوات الخبو مع إزاحة التردد ,communication over fading channels with frequency offsets
D270, تخطيط نظام الطاقة المركبة في بيئة تنافسية ,composite power system planning in a competitive environment
D271, أثر التداخلات الكهرومغناطيسية المتولدة من خطوط نقل الطاقة ذات الجهد العالي على   خطوط الأنابيب والاتصالات المدفونة ,electromagnetic interference caused by a high voltage transmission network on buried pipelines & communication cables
D272, دراسة حسابية للسلوك التشكيلي والتحليلات لأطياف الذبذبات لبعض الكيتونات ,computational study of conformational behavior and analyses of vibrational spectra of some ketenes
D273, دراسة حسابية لحقل التدفق من خلال سلسلة من الجسيمات الهوائية ناكا 0012 ,computational study of the flowfield through a cascade of naca 0012 airfoils
D274, النمذجة الحاسوبية للانكماش في الخرسانة التي تم إصلاحها ,computational modelling of shrinkage in repaired concrete
D275," النمذجة الحسابية للعلاج الكيميائي ، نمذجة تآزر المتانة في الخرسانة ",computational chemo-damage transport modeling of durability synergies in concrete
D276, حساب التفردات في b.v.p.'s باستخدام الفروق المحدودة مع حذف الكتلة ,computation of singularities in b.v.p.’s using finite differences with block-elimination
D277, نهج استشعار مضغوط لتقدير القناة من أجل اتصالات الموجات الراديوية فائقة الاتساع   الراديوية الراديوية النبضية ,a compressed sensing approach to channel estimation for impulse radio ultra wideband ir-uwb communication
D278, حسابات التدرج التركيبية لخزان تكثيف الغاز العربي السعودي ,compositional gradient calculations for a saudi arabian gas condensate reservoir
D279, النمذجة بمساعدة الحاسوب ومحاكاة تدفق الخرسانة ذاتية الانضغاط ,computer-aided modeling and simulation of flow of self compacting concrete
D280, اختبار تكيفي محوسب باستخدام الشبكات العصبية ,computerized adaptive testing using neural networks
D281, نموذج AHP المحوسب لحل مشكلة قرار العطاء / عدم العطاء ,computerized ahp model for solving bid/no-bid decision problem
D282, نظام تقدير مفاهيمية محوسبة لمشروعات إمدادات المياه المحلية ,computerized conceptual-cost-estimating system for domestic water supply projects
D283, استخدام الكمبيوتر من قبل مقاولي البناء في المملكة العربية السعودية ,computer utilization by construction contractors in saudi arabia
D284, نموذج صنع القرار متعدد المعايير المحوسب لتخطيط المشاريع وتنفيذها ,computerized multiple criteria decesion making model for projects planning and implementation
D285, نموذج تعليمات بمساعدة الكمبيوتر للغات البرمجة الإجرائية ,computer aided instruction model for procedural programming languages
D286, نموذج مفاهيمي لاختيار الاستشاري في المملكة العربية السعودية ,a conceptual model for consultant selection in saudi arabia
D287, التزامن في ملفات الشبكة القائمة على الاستيفاء ,concurrency in interpolation based grid files
D288, عملية تسخين بالليزر محدودة التوصيل وغير التوصيل - محاكاة رياضية ,conduction and non-conduction limited laser heating process- mathematical simulation
D289, كتل بناء تناظرية قابلة للتكوين للمصفوفات التناظرية القابلة للبرمجة الميدانية ,configurable analog building blocks for field programmable analog arrays
D290, إدارة الازدحام في شبكة النقل باستخدام ستاتكوم ,congestion management of transmission network using statcom
D291, نقل الحرارة بالحمل القسري المترافق في الحلقات اللامتراكزة ,conjugate forced convection heat transfer in eccentric annuli
D292, إصلاح الخرسانة مع الخرسانة المرشوشة دخان السيليكا ,concrete repair with silica fume shotcrete
D293, تصميم الخلطة الخرسانية للطقس الحار ,concrete mix design for hot weather
D294, نقل الحرارة بالحمل الحر المتقارن في الحلقات الرأسية اللامتراكزة ,conjugate free convection heat transfer in vertical eccentric annuli
D295, نقل الحرارة بالحمل الطبيعي المترافق في الحلقات الرأسية متحدة المركز ,conjugate natural convection heat transfer in vertical concentric annuli
D296, مراقبة تكاليف البناء في المنطقة الشرقية من المملكة العربية السعودية ,construction cost control in the eastern province of saudi arabia
D297, نموذج للتكلفة الكلية لمرافق مياه التحلية الصغيرة بطريقة التناضح العكسي ,a life cycle costing model for small reverse osmosis water treatment facilities
D298, تمويل البناء في المملكة العربية السعودية ,construction financing in saudi arabia
D299, التنبؤ بالتدفق النقدي لأصحاب المشاريع الانشائية ,construction project cash flow prediction for owners
D300, التحكم في الازدحام المدرك للمحتوى على شبكات mpls لنقل الوسائط المتعددة ,content-a ware congestion control over mpls networks for multimedia transmission
D301, تحكم مستمر تقريبي - الوقت الأمثل لآلية مؤازرة من الدرجة الثالثة لها نبات بثلاثة   جذور حقيقية ,continuous proximate time-optimal control for a third order servomechanism having a plant with three real roots
D302, توزيع مخاطر العقود في مشاريع البناء بالمملكة العربية السعودية ,contract risk allocation in saudi arabian construction projects
D303, نموذج متصل للموجات المرنة في مركبات الأنابيب النانوية الكربونية المدمجة ,a continuum model for elastic waves in embedded carbon nanotube composites
D304, التأهيل المسبق للمقاول: نموذج محوسب للمشروعات العامة في البحرين ,contractor prequalification: a computerized model for public projects in bahrain
D305, خوارزميات التحكم للنظم الصناعية الموزعة الشبكية ,control algorithms for distributed networked industrial systems
D306, التحكم وتقدير شبكات الاتصالات غير الموثوق بها ,control and estimation over unreliable communication networks
D307, مضبوط الحجم (23-  MTT (zsm زيوليت للتكسير التحفيزي ,controlled size mtt (zsm-23) zeolites for catalytic cracking
D308, ضوابط محسّنة لتقليل الحمل الحراري ,Optimized controls to minimize the heat load
D309, السيطرة على التآكل في الفولاذ باستخدام ألياف النانو متعدد الطبقات ,control of corrosion in steel using polyelectrolyte multilayer nanofilms
D310, ضبط التاكل في حديد الستانليس ستيل باستعمال البولي الكترولايت ,control of corrosion in stainless steel using polyelectrolytes multilayer
D311, ً تقييم أنظمة جودة المقاولين وفقا لمعيار 9000 ISO ,Contractors quality systems-assessment to the ISO 9000 standard
D312, مخططات الإرسال التعاوني للوصلة الصاعدة لأنظمة mimo اللاسلكية ,cooperative uplink transmission schemes for wireless mimo systems
D313, خصائص نقل الحرارة بالحمل الحراري في الأسرة المعبأة المستطيلة ذات التسخين   غير المتماثل ,convective heat transfer characteristics in the rectangular packed beds with asymmetric heating
D314, استعادة النحاس من مياه الصرف الصحي باستخدام مفاعل أسطواني كهروكيميائي دوار ,copper recovery from wastewater using an electrochemical rotating barrel reactor
D315, تنسيق طريقة البحث لتحسين تدفق الحرارة على قرص إنشائي ,coordinate search method to optimize heat flow on a constructal disc
D316, سلوك التآكل من الفولاذ الطري في ظل الظروف الجوية وتسارع بعد العلاج عن   طريق العديد من الحلول المانع ,corrosion behavior of mild steel under atmospheric and accelerated conditions after treatment by several inhibitor solutions
D317, معايير الحماية الكاثودية للصلب في الخرسانة في سياق بيئة الخليج العربي ,criteria for cathodic protection of steel in concrete in the context of arabian gulf environment
D318, الآثار المترتبة على متغيرات التصميم المعماري ,cost implications of architectural design variables
D319, مرشح عام ومذبذب قائم على الناقل الحالي ,current conveyor-based universal filter and oscillator
D320, تفاعلات الاظافة الحلقية لمركبات سيانوكيتين ,cyanoketene cycloaddition reactions
D321, مخطط الإنتاج الدوري لتحسين أداء الخزان ,cyclic production scheme to improve reservoir performance
D322, تفاعلات الحمل الحلقية للنيترون الحلقية غير المتجانسة ,cycloaddition reactions of a heterocyclic nitrone
D323, البلمرة الحلقية لمركبات البيرزينيوم غير المشبعة ,cyclo polymerization of unsaturated quaternary piperazinium compounds
D324, تعزيز التخميد لنظام الطاقة متعدد الآلات من خلال التحكم في ستاتكوم ,damping enhancement of multimachine power system through statcom control
D325, تصميم مخصص وتنفيذ عقدة مستشعر لاسلكي ونظام Mac الموفر للطاقة   وبروتوكولات التوجيه ,"custom design and implementation of a wireless sensor node, energy-efficient mac and routing protocols"
D326, تقنية اكتساب الرموز باستخدام الفلاتر التكيفية في الاتصالات اللاسلكية ,code acquisition technique using adaptive filters in wireless communication
D327, مولد تعليمات حاسبات الفاكس للغة الضاد ,code generation for dhad on vax
D328, آلة الاتصال المعرفية ذاتية البناء ,the cognitive self-structuring connectionist machine
D329, المعادلات القائمة على التماسك للدراسات الديناميكية طويلة المدى ,coherence based equivalents for long-term dynamic studies
D330, وكيل واجهة مستقلة تعاونية للبحث على شبكة الإنترنت الشخصية ,collaborative autonomous interface agent for personalized web search
D331, التعرف على الوجه بالألوان باستخدام تحليل مكون مبدأ quaternion ,color face recognition using quaternion principle component analysis (q-pca)
D332, التعرف على قزحية الألوان ومطابقتها باستخدام موجات الجابون quaternion ,color iris recognition and matching using quaternion gabor wavelets
D333, العمليات المركبة بين الأكسدة الكهربائية والتخثير الكهربي لمعالجة مياه الصرف   الصحي للبلدية ,combined electrooxidation and electrocoagulation processes for the treatment of municipal wastewater
D334, الجمع بين المصنفات باستخدام نظرية ديمبستر شيفر للأدلة ,combining classifiers using the dempstershafer theory of evidence
D335, الاتصالات الحرة إدارة الشحن من المركبات الكهربائية تحت قيود الشبكة ,communication free charging management of electric vehicles under grid constraints
D336, مقارنة حجم الهيدروكربون بين (تحليل الرمل الرقائقي) والتقنيات القياسية في خزانات   الحجر الرملي ذات المقاومة المنخفضة ,comparing hydrocarbon volume between lsa (laminated sand analysis) and standard techniques in low resistivity sandstone reservoirs
D337, قياس الجهد الكهربائي التفاضلي ككاشف محتمل لتحليل الحقن المتسلسل و HPLC ,differential electrolytic potentiometry as a potential detector for sequential injection analysis and hplc
D338, التحكم اللامركزي على الأنظمة الديناميكية المترابطة ,decentralized control of interconnected dynamical systems
D339, معالج تدفق البيانات لشبكات الانتشار العصبية الخلفية: الهندسة المعمارية وتقييم الأداء ,dataflow processor for back propagation neural networks: Civil Engineering and performance evaluation
D340, عوامل القرار للاستعانة بمصادر خارجية لخدمات الصيانة في الجامعات السعودية ,decision factors for outsourcing the maintenance services of saudi universities
D341, معادلة ردود الفعل على القرار باستخدام هياكل الشبكة العصبية الهجينة ,decision feedback equalization using hybrid lattice-neural network structures
D342, تدهور ميثيل ثلاثي الإيثيل بوتيل باستخدام الأشعة فوق البنفسجية / ثاني أكسيد   التيتانيوم والأنابيب النانوية الكربونية متعددة الجدران ,degradation of methyl tertiary butyl ether using uv/titanium dioxide and multi-walled carbon nanotubes
D343, التأخير في بناء مشاريع المرافق العامة في المملكة العربية السعودية ,delay in the construction of public utility projects in saudi arabia
D344, سلوك درجة حرارة الكثافة من المخاليط الهيدروكربونية الثنائية والمحددة النقية   والمحددة ,density temperature behavior of pure and defined binary and ternary hydrocarbon mixtures
D345, نشر خدمات التشغيل الثلاثي عبر شبكات IP الموجودة ,deploying triple-play services over existing ip networks
D346, تصميم وتحليل شبكة هرمية متسامحة ومتعددة الأطراف ,"design and analysis of a hierarchical, fault-tolerant, multicomputer network"
D347, تصميم وتحليل المعالجات المشفرة ذات المنحنى الإهليلجي الفعال والآمن ,design and analysis of efficient and secure elliptic curve cryptoprocessors
D348, تصميم وتحليل نظام الأرصاد الجوية الآلية لمملكة المملكة العربية السعودية ,design and analysis of the automated meteorological system for the kingdom of saudi arabia
D349, الأصل و البيئات الترسيبية لحجر وجيد الرملي منطقة ابها خميس مشيط جنوب غرب   المملكة العربية السعودية ,"depositional environments and provenance of the wajid sandstone, abha-khamis mushayt area, southwestern saudi arabia"
D350, تصميم وتصنيع طائرتين جالستين مع جناح متقدم دوار متطور ,design & fabrication of two seated aircraft with an advanced rotating leading edge wing
D351, تصميم وتحليل مفتاح التسامح مع الخطأ لـ b-isdn ,design and analysis of a fault tolerant switch for b-isdn
D352," تصميم وبناء محرقة سائلة ، طريقة جديدة للقياسات الكيميائية السريعة ومراقبة التغذية   المرتدة ","design and construction of a liquid incinerator, a novel method for fast chemical measurements and feedback control"
D353, تصميم وتقييم بروتوكول اتصالات p2p موثوق لشبكات ieee 802.11b ,design and evaluation of a reliable p2p communication protocol for ieee 802.11b networks
D354, تصميم وتنفيذ حلقات تتبع شفرة cdma الرقمية بالكامل ,design and implementation of all-digital cdma code tracking loops
D355, تصميم وتحليل شبكة أجهزة الصراف الآلي عالية الأداء التي تتحمل الأخطاء ,design and analysis of a high-performance fault-tolerant atm network
D356, تصميم ونمذجة مضاعفات الوحدات عالية السرعة لأنظمة التشفير ,design and modeling of high speed modulo multipliers for cryptosystems
D357, تصميم وتنفيذ فتحة مقسم الطاقة microstrip مكدسة ل هوائيات مجموعة ,design and implementation of aperture stacked microstrip power divider for array antennas
D358," تصميم وتنفيذ نظام رسومات ثلاثية الأبعاد ، نهج نمذجة هرمية تفاعلية ",design & implementation of a 3d graphics system an interactive hierarchical modeling approach
D359, تصميم وتنفيذ أقصى وحدة تحكم لتتبع نقاط الطاقة للأنظمة الضوئية ,design and implementation of maximum power point tracking controller for photovoltaic systems
D360, تصميم وتشغيل جهاز رصد قاذورات لدراسة التلوث في أنبوب ملتوي ,design and operate a fouling monitoring device to study fouling at twisted tube
D361, التصميم الأمثل لأنابيب الكربون متناهية الصغر باستخدام مفاعل يعمل بترسيب ,design & optimization of cnt’s prod. in cvd reactor
D362, تصميم وتقييم أداء مخططات تخصيص الموارد لأنظمة mimo-ofdma مع قيود   الإنصاف ,design and performance evaluation of resource allocation schemes for mimo-ofdma systems with fairness constraint
D363, تصميم ومحاكاة نموذج التيار لمكبرات الطي وتطبيقاته في التحولات من تماثلي الى   رقمي ,design and simulation of a current-mode folding amplifier and its application in analog-to-digital converter
D364, تصميم وتقييم أداء أبراج التبريد التبخيري ,design and performance evaluation of evaporative cooling towers
D365, اعتبار التصميم لشبكة الاستشعار اللاسلكية للأتمتة الصناعية ,design consideration for wireless sensor network for industrial automation
D366, تصميم واختبار سخان الميكروويف ,design and test of a microwave heater
D367, تصميم واجهة مستخدم رسومية لتعزيز نظام الرؤية الثنائية في أنظمة الاذرع الالية   العاملة عن بعد ,d esign o f a g raphical u ser interface to a ugm ent a t elerobotic stereo-v ision system
D368, تصميم نظام استخلاص الزيت المعزز بالسطح القلوي لخزان من الحجر الجيري   العربي السعودي ,design of an a lkaline/surfactant/polym er enhanced oil recovery scheme for a saudi arabian limestone reservoir
D369, تصميم هوائي LTE للاتصالات المتنقلة ,design of an lte antenna for mobile communications
D370, تصميم جهاز إلغاء الصدى للقاعات الصوتية ,design of an echo canceller for acoustic halls
D371, مقاييس اقتران مستوى التصميم لنماذج uml ,design level coupling metrics for uml models
D372, تصميم وتقييم أداء أنظمة التبريد باستخدام النماذج الديناميكية الحرارية ,design and performance evaluation of refrigeration systems using thermodynamic models
D373, تصميم لاستبدال النظم في المباني ,design for systems replacement in buildings
D374, تصميم شبكة تغذية بالميكروويف ذات نطاق عريض قابلة للبرمجة ,design of a programmable wideband microwave feed network
D375, تصميم مرشح النطاق المحسن لنقل البيانات محدود الطاقة ,design of band limited energy optimized data transmission filter
D376, تصميم دوائر الحوسبة التناظرية في الوضع الحالي CMOS ,design of cmos current-mode analog computational circuits
D377, تصميم القالب المركب لسحب الأسلاك ,design of composite die for wire drawing
D378, تصميم نيت لاستجابة النبضة (التنوب) لترات استقراء مجال الموجة ,the design of finite impulse response (fir) wave field extrapolation
D379, تصميم معادلات متباعدة كسريا ,design of fractionally spaced equalizers
D380, تصميم هوائي مقلوب مكدس التصحيح ,design of inverted stacked patch antenna
D381, تصميم هوائي مصفوفة طولي خطي صغير باستخدام وحدة تغذية مصفوفة متكاملة ,design of micro strip linear phased array antenna using integrated array feeder
D382, تصميم المرشحات الرقمية 1 د و 2 د باستخدام تقنية irls ,design of 1-d and 2-d hr digital filters using irls technique
D383, تصميم وحدات تحكم هيكل متغير الأمثل: تطبيقات ديناميات نظام الطاقة ,design of optimal variable structure controllers: applications to power system dynamics
D384, تصميم وحدات تحكم قوية تستند إلى PSS و FACTS لتعزيز استقرار أنظمة الطاقة ,design of robust PSS and FACTS-based controllers for stability enhancement of power systems
D385, تصميم نظام آلي عن بعد عبر شبكة محلية (LAN) ,design of telerobotic system over a local area network (lan)
D386, تصميم المضخم المتغير لمقاومة الكسب ,design of variable gain transimpedance preamplifier
D387, تصميم ألواح الوافل باستخدام نموذج دعامة وربطة ,design of waffle slabs using strut-and-tie model
D388, التحقيق التجريبي ونمذجة الألواح المجوفة سابقة التجهيز مع نموذج دعامة وربطة ,EXPERIMENTAL INVESTIGATION AND MODELING OF PRESTRESSED PRECAST HOLLOW-CORE SLABS WITH A STRUT-AND-TIE MODEL
D389, تصميم ونمذجة وتنفيذ VLSI لمعالج مصفوفة تدفق بيانات المخاطر ,"design, modeling, and VLSI implementation of a risk dataflow array processor"
D390, تصميم وحدة منطقية حسابية ذاتية التوقيت ,designing a self-timed arithmetic logic unit
D391, تصميم شبكات المحمول الخلوية باستخدام الأساليب الحديثة ,designing of cellular mobile networks using modern heurisrics
D392, تصميم ودراسة أداء عملية الضرب التسلسلية عبر الإنترنت ,Design and study the performance of online decimal multiplier
D393, تصميم مغلف فعال للطاقة للمدارس في المملكة العربية السعودية ,energy-efficient envelope design for schools in saudi arabia
D394, تصميم متر سولاري ,design of solarimeter
D395, تصميم الكائنات باستخدام مفاتيح عقلانية مع التحكم في الشكل ,the designing of objects using rational splines with shape control
D396, تصميم وبناء واجهات التنافر ,design and construction of interface dissonances
D397, تصميم وتصنيف وتحليل الإجهاد للمبادلات الحرارية التبخرية ,"design, rating and exergy analysis of evaporative heat exchangers"
D398, تصميم قوانين التحكم في ردود الفعل الحكومية ًاستنادا إلى نماذج الطلبات المخفضة ,design of state feedback control laws based on reduced order models
D399, تطوير الرقم الاستدلالي لأسعار المشاريع المدرسية في السعودية ,developing a price index for school projects in saudi arabia
D400, تصميم الأشياء باستخدام شرائح مكعبة ناعمة ,designing of objects using smooth cubic splines
D401, إزالة الكبريت من البنزين ووقود الديزل باستخدام تقنيات غير مستهلكة للهيدروجين ,desulfurization of gasoline and diesel fuels using non-hydrogen consuming techniques
D402, فحص و تشخيص التذبذب المنتشر خلال المصنع ,detection and diagnosis of plant-wide oscillations
D403, التعرف على الشق العرضي في محور دوار باستخدام طريقة التحويل الوجوي ,detection of a transverse crack in a rotating shaft using wavelet transform
D404, كشف الأعطال ذات المقاومة المالية باستخدام الشبكات العصبية ,detection of high impedance faults using artificial neural networks
D405, التعرف على الجمل الاستفهامية في المحاضرات العربية الصوتية ,detection of question segment in an audio arabic lecture
D406, التكسير الحفزي للزيت المفرغ : تأثير الإضافات و التأثير الكيناتيكي ,cracking of vgo to produce olefins: effect of additives
D407, كشف و تصحيح الصمام ذو احتكاك حالة السكون في دوائر التحكم ,causes of contractors’ failures in saudi arabia
D408, تحديد مدة تنفيذ المشاريع العامة في المملكة العربية السعودسة ,catalytic chain transfer polymerization of methacrylates and styrene
D409, حساب نفاذية الصخور الكاملة القطر المحتوية على صدع باستخدام طريقة تلاشي   النبض الضغطي ,canonical elastoplstic - damage modelling of reinforced concrete
D410, تحديد سرعة الوسط قرب سطح الأرض بواسطة الصيغة العكسية الخطية للحقول   الموجية السطحية المتبعثرة ,electrocatalytic activity of ce/w modified mesoporous carbon supported pt-pd catalysts for formic acid oxidation
D411, إيجاد القيم المستهدفة المثلى لبرامترات عمليتين صناعيتين متتاليتين ,determining optimal target values for two processes in series
D412," تحديد السرعة ، درجة الحرارة والراحة داخل مجال ثلاثي الابعاد ","process targeting, quality, sampling plan, 100% inspection, inspection error."
D413, إزالة سميه المركبات العضويه المكلورة عن طريق استخدام مفاعل ميكروي وتقديرها   بواسطه جهاز الغاز الكروماتوجرافي اللوني ,detoxification of chlorinated organic compounds using fluidic microreactor with gas chromatography/mass spectrometry
D414, تطوير نموذج لحساب كلفة الخرسانة في المباني السكنية الصغيرة ,developing a concrete cost estimating model for small residential buildings
D415, نفاذية انتشار و ادمصاص المركبات الاروماتية في مركبات الزيولايت باستخدام تقنية   الاعمدة عديمة الطول ,Permeability of the spread and adsorption of aromatic compounds in zeolite compounds using longitudinal columns technique
D416, الانتشار المعدل ذو أقل متوسط تربيعي في شبكات الحساسات اللاسلكية ,diffusion normalized least mean squares over wireless sensor networks
D417, تصميم المرشحات الرقمية بواسطة التمثيلات الزمنية التقريبية ,digital filter design by approxim ate time-domain modeling
D418, تصميم الفلاتر الرقمية باستخدام تقنية المصفوفات الخطية الغير متساوية ,digital filter design using lmi based techniques
D419," النمذجة الرقمية لمنكشف الهفوف عبر دمج الليدار، الرادار الأرضي وعلم الرسوبيات   في المنطقة الشرقية من المملكة العربية السعودية ","digital outcrop modeling of hofuf outcrop via integrating lidar,ground penetrating radar and sedimentology, eastern province, saudi arabia"
D420, التشويه الرقمي المسبق لمضخمات القدرة اللاخطية باستخدام الترشيح المتكيف وأمثلة   حشود الجزيئات ,digital predistortion of nonlinear power amplifiers using adaptive filtering and particle swarm optimization
D421, دوائر الكترونية مبرمجة رقميا ,digitally programmable tuned circuits
D422, التحكم المباشر في الاحمال الكهربائية باستخدام المتحكم المنطقي المبرمج ,direct load control using programmable logic controller
D423, عمل دراسة مخبرية عن امتداد الكلوروفورم في التربة المشبعة ,dispersion of chloroform in a saturated porous media
D424," حساب المقطع التفاضلي للتفاعل من اجل طاقات ديوترون دون 1,3 مليون الكترون   فلط باستخدام نظرية تقريب بورن للموجات المشوهة ","distorted wave born approximation calculation of differential cross section of 14n(d,a)12c reaction below 1.3 mev deuteron energies"
D425, التقدير الموزع للشبكات المتكيفة ,distributed estimation over adaptive networks
D426, سرب الجسيمات الموزعة للشبكات الإستشعارية اللاسلكية ,distributed particle swarm optimizer for wireless sensor networks
D427, تتبع شفرات دلل لاشارات cdma مع تلاشي الارسال و التداخل متعد الوصول ,dll code tracking of cdma signals under fading and multiple access interference
D428, تحليل الوثائق وفهرسة اللغة العربية ,document analysis and indexing of arabic manuscripts
D429, التحليل الدينامكى والتحكم فى الشبكات الكهربائية الصغيره ,dynamic analysis and control of microgrids
D430, تحليل حساسية مسالة ترحيل الطاقة الاقتصادي ,dynamic economic dispatch with sensitivity analysis
D431, دراسة عملية لاستخراج أيونات العناصر الأرضية النادرة (REE) بواسطة مركبات   الألكيلان متعددة الكيسات ,A practical study for the extraction of rare earth element (REE) ions by polycystic alkylane compounds
D432, أداء المتانة لقضبان gfrp في ظل ظروف التعرض ظروف بيئية قاسية ,durability performance of gfrp bars under aggressive local exposure conditions
D433, قوة تحمل كمرات الخرسانة المسلحة المصلحة بمواد اصلاح مختلفة ,durability of reinforced concrete beams repaired with various repair materials
D434, تقيم متانة نقطة التجمع للأنابيب الأسطوانيه الخرسانيه المطليه بالياف راتنج الفيبرجاس ,durability assessment of joint assembly for fiberglass resin coated concrete cylinder pipes.
D435, الثنائيات وتحولات المثالية في PVMDs المدمجة وحزم Coprime فيما يتعلق   بالعمليات النجمية ,Duals and Transforms of Ideals in PVMDs Compact and Coprime Packedness With Respect to Star Operations
D436, إيجاد الجدول المثالي لتوزيع مهمات منصات الحفر ,drilling rig shedule optimization
D437, توزيع ترشيح كالمان ,distributed kalman filtering
D438, تعطيل المواد الماصة للجفاف ,deactivation of dehydration adsorbents
D439, طريقة انتشار الحزمة الزمنية المشتتة لتحليل الأجهزة البصرية ,dispersive time domain beam propagation method for analyzing optical devices
D440, تأثير تركيبة المحلول الملحي على تغير قابلية البلل لصخور الكربونات في وجود   مركبات قطبية ,effect of brine composition on wettability alteration of carbonate rocks in the presence of polar compounds
D441, محاكاة مونتي كارلو الديناميكية للبلمرة الجذرية لنقل الذرة ,dynamic monte carlo simulation of atom transfer radical copolymerization
D442, نظام الإحداثيات الإسقاطي الديناميكي لتشفير المنحنى الإهليلجي ,dynamic projective coordinate system for elliptic curve cryptography
D443, الاستجابة الديناميكية للألواح المركبة المحملة بالسوائل للأحمال الثابتة والمتحركة ,dynamic response of fluid-loaded composite plates to stationary and moving loads
D444, نظام أسماء النطاقات الديناميكية باستخدام تقنية السلسلة المتعاقبة(P2P) وبروتوكول   الند للند ,dynamic round robin peer to peer (p2p) domain name system (dns)
D445, الغاء الصدى باستخدام خوارزمية NLMS متغيرة حجم الخطوة ,echo cancellation using a variable step-size NLMS algorithm
D446, نموذج الكمية الاقتصادية للإنتاج المتضمن للإنتاج المعيوب خلال ضبط عملية التصنيع   – بعض الاعتبارات. ,economic production quantity model with imperfect quality during a process adjustment period-some considerations
D447, تاثير مزيج من البولي اثيلين المنخفض الكثافة الخطي المعنية للتجهيز و الخصائص   الميكانيكية في مهب الاغشية ,effect of blend ratio of h-lldpe with ldpe on the processability and the mechanical properties of blown films
D448, تأثير الشيخوخة على قوة التعب من سبيكة ht  800 ,the effect of aging on the fatigue strength of alloy 800ht
D449, تأثير الكسر الهيدروليكي على أداء خزان مكثف غازي ذي طبقات ,effect of a hydraulic fracture on the performance of a layered gas condensate reservoir
D450, نموذج لكمية الإنتاج الاقتصادي لمعدل الإنتاج المتغير ,Model of the economic production quantity of the variable production rate
D451, مقياس التشابه الديناميكي لتخطيط قاعدة الحالة تحت النقص ,Dynamic similarity scale for base state planning under shortage
D452, تاثير الركاب ذوي الخيار الواحد على نماذج اختيار وسائط النقل بين المدن ,effect of captive riders in intercity mode-choice modelling
D453, تاثير الصب و حرارة الانضاج على خصائص الخرسانة ,the effect of casting and curing temperatures on the properties of concrete
D454, تاثير طرق المعالجة على خصائص الخرسانة العادية و الخرسانة ذات الإضافات   المعدنية ,effect of curing methods on properties of plain and blended cement concretes
D455, تاثير الكربونات و البيكربونات و الكبريتات على إزالة الفينول عن طريق عملية   الاكسدة الكهروكيميائية ,"effect of co3 2-, hco3 -, and so4 2- on the degradation of phenol in electrochemical oxidation process"
D456, تصميم نوافذ موفر للطاقة من خلال دمج إضاءة النهار والإضاءة الاصطناعية في   مباني المكاتب ,energy-efficient window design through the integration of daylighting and artificial lighting in office buildings
D457, تأثير درجة حرارة الصب ونظام المعالجة على الخواص الميكانيكية ومتانة الخرسانة ,effect of casting temperature and curing regime on mechanical properties and durability of concrete
D458, تأثير حشوات النانو الخزفية على خواص البولي إيثيلين ,effect of ceramic nano fillers on polyethylene properties
D459, تاثير الاكسجين على السعة الامتزازية للكربون الحبيبي المنشط للفينول و   الارثوكريسول ,effect of oxygen on the adsorption capacity of the active carbon of phenol and ethocycessol
D460, تاثير الاكسجين المذاب على قدرة الكربون المنشط ,The effect of dissolved oxygen on the capacity of activated carbon
D461, تنفيذ دور البناء و التأمين في المملكة العربية السعودية ,enforcing the role of construction insurance in saudi arabia
D462, تأثير الظروف الخلالية على خصائص الاصطدام والضغط الهيدروستاتيكي المتفجر   على أنابيب الألياف الزجاجية المقواة حراريا ً ,impact of interstitial conditions on collision properties and explosive hydrostatic pressure on thermally reinforced glass fiber tubes.
D463, تأثير البيئة على خصائص الشد والإعياء على المركبات المقواة بالألياف الزجاجية ,effect of environment on the fatigue and the tensile properties of glass fiber reinforced composites
D464, دراسة مدى تاثير التوزيع الهندسي لبراغي التثبيت اللوبية على قوى الاجهاد الميكانكية ,effect of bolt layout on the mechanical behavior of bolted joint
D465, تأثير ضرر التكوين على أداء البئر الأفقي ,effect of formation damage on horizontal well performance
D466, خصائص الهندسة والمعادن تكوين شرائح واسعة في منطقة القطيف (K.S.A.) ,engineering properties and mineralogical composition of expansive clays in al-qatif area (k.s.a.)
D467, تأثير أحجام جزيئات سائل الحفر على تلف التكوين: التطبيق على البئر الأفقي ,effect of drilling fluid particle sizes on formation damage: application to horizontal well
D468, كاشف الجهد الكهربائي التفاضلي في تحليل حقن التدفق والمعايرة الدقيقة ,differential electrolytic potentiometric detector in flow injection analysis & in micro titration
D469, تطوير طرق تحليلية أو بعض المواد المضافة ودراسة سلوكها في الزيوت العازلة   للمعادن ,developing analytical methods or some additives and studying their behavior in mineral-insulating oils
D470, تطوير وتطبيق مقدرات الحالة الخطية للتحكم في التقطير التفاعلي ,development and application of linear state estimators in control of reactive distillation
D471, تطوير واختبار نموذج شبكة عصبية اصطناعية للتنبؤ بضغط قاع البئر في التدفق   الرأسي متعدد الأطوار ,development and testing of an artificial neural network model for predicting bottomhole pressure in vertical multiphase flow
D472, تطوير وتوصيف الأنابيب النانوية الكربونية (cnts) وكربيد السيليكون (sic) المعزز   بمركبات النانو الكربونية ,development and characterization of carbon nanotubes (cnts) and silicon carbide (sic) reinforced al-based nanocomposites
D473, تطوير مخطط التحكم في الازدحام لشبكات أجهزة الصراف الآلي ,development of a congestion control scheme for atm networks
D474, تطوير نظام تبريد يعمل بالطاقة الشمسية بشكل مستمر ,development of a continuously operating solar powered refrigeration system
D475, تطوير آلة تخطيط كهربية القلب تعتمد على dsp-32c باستخدام أجهزة الكمبيوتر   الدقيقة ,development of a dsp-32c based electrocardiograph machine using microcomputers
D476, تطوير مطياف الانهيار الناجم عن الليزر للكشف عن العناصر السامة في مستحضرات   التجميل ,development of a laser induced breakdown spectrometer for detection of toxic elements in cosmetic products
D477, تطوير نموذج لاختيار طريقة لحل النزاع ,development of a model for the selection of dispute resolution method
D478, تطوير نموذج متعدد الخصائص لتقييم قدرة المباني للاستخدام المؤقت كملاجىء إيواء   انتقالية اثناء الفيضانات في اليمن ,development of a multi-criteria model for assessing the buildings potential for temporary use as flood transitional settlement shelters in yemen
D479, تطوير اطار التحليل المتعدد ل NURBS ,development of a multiresolution framework for nurbs
D480, تطوير مادة هلامية جديدة قليلة التكلفة للتحكم بإنتاج المياه من ابار النفط و الغاز ,development of a new cost-effective polymer gel for water control in oil and gas wells
D481, تطوير نظام محاكاة متقدم رادار اختراق الأرض ,Development of an advanced simulation system of ground penetrating radar
D482, تطوير أداة لتقييم إدارة الصيانة بالمدارس العامة بالمملكة العربية السعودية ,development of an assessment tool for maintenance management in public schools in saudi arabia
D483, تطوير مائع حفر ذو قاعدة زيتية غير مضرة للبيئة باستخدام زيت الكانولا ,development of an environment-freindly oil-based mud using canola oil
D484, تطوير معامل تشتت مكافئ لنموذج نقل ملوث معقد ,development of an equivalent dispersion coefficient for a complex contaminant transport model
D485, تطوير طرق التحليل الآلي في الموقع لتحليل المياه ,development of automated on-site analytical methods for water analysis
D486, تطوير معادلات رياضية لحساب النفاذية النسبية في وجود الماء و الزيت ,development of empirical equations for water-oil relative permeability
D487, تطوير أساليب تحليلية لتحليل أثر المبيدات الفوسفوعضوية والامينات الأحيائية في   عينات الطعام ,development of analytical methods for trace analysis of organophosphorus pesticides and biogenic amines in food samples
D488, تطوير إرشادات لاستخدام خطة الأربع فترات لاشارات المرور في المملكة العربية   السعودية ,development of guidelines for four phase traffic signal scheme
D489, تطوير نموذج بيانات تكلفة تجميع الأعمال الميكانيكية للمباني السكنية في المملكة   العربية السعودية ,Development of mechanical works' assembly cost data model for residential buildings in Saudi Arabia
D490, تطوير محفزات الأكسدة الكهربائية الميثانول لتطبيق مباشر خلية الوقود الميثانول ,development of methanol electro-oxidation catalysts for direct methanol fuel cell application
D491, تطوير غشاء خزفي متدرج متعدد الطبقات ,development of multi-layered gradient ceramic membrane
D492, تطوير طرق العينات الموحدة لمبيدات اورجانكلوران في مياه البحر و المأكولات   البحرية ,development of onsite sampling approaches for organochlorine pesticides in sea water and seafoods
D493, تطوير معالج الإنذارات الذكي ,the development of an intelligent alarm processor
D494, تطوير نظام خبرة لتقييم الكفاءة البيئية ,development of an expert systemfor evaluating the environmental quality of office buildings
D495, تطوير التداخل جديد ُ للزوجة الغاز ٌ ,development of new gas viscosity correlations
D496, تطوير إعداد قياس التدفق متعدد الأطوار باستخدام عدادات كوريوليس ,development of multiphase flow metering set-up utilizing coriolis meters
D497, تطوير كفاءة الطاقة خوارزميات لشبكات الاستشعار اللاسلكية ,development of energy-efficient algorithms for wireless sensor networks
D498, تطوير والتحقق من التحلل البيئي للاكياس البلاستيكية في المملكة العربية السعودية ,development and investigation of environmentally degradable plastic bags in saudi arabia
D499, تطوير نماذج سلوكية لقبول فجوة السائق عند التقاطعات ذات الأولوية ,developing behavioral models for driver gap acceptance at priority intersections
D500, تطوير أقطاب انتشار غاز راني ني لخلايا الوقود ,development of raney-ni gas diffusion electrodes for fuel-cells
D501, تطور مسالة التوافق و تقديم خوارزم جديد ,development of satisfiability problem and a new algorithm
D502, تصميم دارة الكترونية غير خطية قابلة للبرمجة من اجل تطبيقات الشبكات العصبية ,development of reconfigurable nonlinear circuits for neural networks
D503, تطوير معادلات لحساب انتقال الحرارة الإجمالي خلال الغلاف الخارجي للمباني   التجارية في المملكة العربية السعودية ,development of overall thermal transfer value equation for commercial buildings in the kingdom of saudi arabia
D504, تطوير افلام متعدد الكريستالات السليكون الجرمانيوم الرقيق جدا كطبقات إنشائية   للتطبيقات الانظمة النانو الكهروميكانيكية ,development of ultrathin polycrystalline silicon germanium films as structural layers for applications in nanoelectromechanical systems (nems)
D505, تطوير إعداد للقياس في الموقع لتآكل حديد التسليح ,development of a setup for in-situ measurement of reinforcement corrosion
D506, تطوير مواد ماصة لإزالة الزئبق من المواد الهيدروكربونية السائلة ,development of sorbent materials to remove mercury from liquid hydrocarbons
D507, الترجمة الآلية من الإنجليزية إلى العربية باستخدام الطريقة الإحصائية اعتمادا على   المقاطع اللغوية المستخلصة من مكانز ثنائية اللغة ,english to arabic machine translation using a phrase-based approach
D508, تعزيز الاستقرار العابر للتيار المتردد من خلال أنظمة التيار المستمر (mtdc) ,enhancement of ac transient stability through multiterminal dc (mtdc) systems
D509, طريقة فرق الجهد التفاضلية ككاشف في تحليل الحقن الانسيابي ,differential electrolytic potentiometric detector in flow injection analysis
D510, تطوير محفزات مرئية نشطة للضوء لإزالة mtbe من المياه الجوفية ,development of visible light-active catalysts for mtbe removal from ground water
D511, تطوير و تحليل نماذج رياضية للتصفية الحيوية غير المستقرة زمنيا للمركبات   العضوية المتطايرة الفردية و المركبة ,development and analysis of transient models for the biofiltration of single and mixed volatile organic compounds (vocs)
D512, دراسة EPR على مركبات نموذج الفاناديوم التي تحتوي على ذرات غير متجانسة من   النيتروجين والكبريت ,EPR study on vanadium model compounds containing nitrogen and sulfur heteroatoms
D513, التحليل الديناميكي الحراري ودراسة النمذجة لنظام التبريد بالامتصاص الشمسي   المتقطع ,Thermodynamic Analysis and Modeling Study of an Intermittent solar Adsorption Refrigeration System
D514, تأثير مواد ألأقطاب على أزآلة البارا كريسول بأستخدام طريق عملية الأكسدة   الكهروكيميائية ,effect of electrodes material on the degradation of Paracrisol in electrochemical processes
D515, انعكاس متجه مقيد بالانتروبيا مع تطبيق على ترميز الصورة ,entropy-constrained reflected vector quantization with application to image coding
D516, تقنية تخفيف ّمحسنة للحرمان الاقتصادي لهجوم الاستدامة (edos) ,an enhanced mitigation technique for economic denial of sustainability (edos) attack
D517, تقنية شبكة محدبة مرنة محسنة لحل E-TSP ,An enhanced convex-elastic net technique for solving E-TSP
D518, تأثير التردد على انتشار الشقوق في CPVC و HDPE عند درجات حرارة مختلفة ,Effect of frequency on crack propagation in CPVC and HDPE at different temperatures
D519, تأثير مثبطات نمو الحبوب على الخواص الميكروية والميكانيكية للمركبات النانوية wc - ,the effect of grain growth inhibitors to the microstructural and mechanical properties of wc-co nanocomposites
D520, تأثير سرعة المياه الجوفية والأكسجين المذاب على المعالجة الحيوية لخزانات المياه   الجوفية الرملية الملوثة بالبنزين ,effect of groundwater velocity and dissolved oxygen on bioremediation of gasoline-contaminated sandy aquifers
D521, تأثير المعالجة الحرارية على التدفق المستحث و تآكل الألومنيوم عند درجات حرارة   مرتفعة ,effect of heat treatment on the flow induced corrosion of aluminum-sic(p) composites elevated temperatures
D522, تأثير درجات الحرارة العالية والشيخوخة على سوائل الحفر المائية ,the effect of high temperature and aging on water-based drilling fluids
D523, تأثير إجراءات التدرج والاختبار على الحمل و تحمل قدرة الرواسب الكلسية ,the effect of gradation and testing procedures on the load carrying capacity of calcareous sediments
D524, تأثير البحث غير الدقيق على طرق التدرج المترافق ,the effect of inexact line search on conjugate gradient methods
D525, تأثير مواد النفايات المعاد تدويرها محليًا على السلوك المادي وأداء تعبئة المفاصل   وعزل الأسفلت المائي ,the effect of local recycled waste materials on the physical behavior and performance of joint filling and waterproofing asphalt
D526, تأثير الحركة المرورية للمدارس على الازدحام المروري لشبكات الطرق في المدن   الحضرية ,the effect of local schools traffic on congestion of urban network
D527, المصفوفات النانوية لأكسيد المعادن الهجين: التصنيع والخصائص وتطبيقات تحويل   الطاقة ,"Hybrid Metal Oxide Nanoarrays: Fabrication, Properties and Energy Conversion Applications"
D528, تأثير الكسور المتعددة على أداء آبار الغاز ,the effect of multiple fractures on the performance of gas wells
D529, دراسة تأثير الضغط و الحراره علـى تآكل مركب سبيكة الالمنيـوم مـع حبيبــات أكسيد   الالمنيوم بحجم أصغر من الميكرومتر باستخدام مساحيق تشحيم صلبه ,Study of the effect of pressure and temperature on the corrosion of aluminum alloy compound with aluminum oxide granules with a size smaller than a micrometer using solid lubricating powders
D530, تأثير التسرب السائل على الإنتاجية من خزان غاز كثيف المكثفات ,effect of liquid drop-out on the productivity of a rich gas condensate reservoir
D531, تأثير ارتباط المدخلات على المرشحات التكييفية (المقيسة) ,Effect of Input Correlation on (normalized) Adaptive Filters
D532, تأثير ملوحة الماء المحقون على استخراج النفط ,the effect of injected water salinity on oil recovery
D533, تأثير الأطوار المعدنية على تآكل مركبات كربيد الألومنيوم والسيليكون (al-sicp) ,effect of intermetallic phases on corrosion of aluminum-silicon carbide (al-sicp) composites
D534, تأثير طين النانو على خواص إسمنت بئر الزيت لتطبيقات الضغط العالي ودرجة   الحرارة ,effect of nano clay on oilwell cement properties for high pressure and temperature applications
D535, تأثير النانو سيليكا على الأسمنت البورتلاندي السعودي من النوع 'g' في تطبيقات   الضغط العالي ودرجات الحرارة العالية ,effect of nano silica on portland saudi cement type 'g' in high pressure high temperature applications
D536, تأثير التكسرات الطبيعية على استجابة الضغط في الماكامن متعددة الطبقات ,effect of natural fractures on the pressure transient behavior of multilayered reservoirs
D537, تأثير اتجاه التدفق الخارجي وتكوينات لوحة فتحة نفث متعددة على نقل الحرارة في قناة   مستطيلة ,effect of outflow orientation and multiple jets orifice plate configurations on heat transfer in a rectangular duct
D538, تأثير درجة الحموضة والمذيب على الفيزياء الضوئية لمركب الثاميين ,the effect of ph and solvent on the photophysics of thymine
D539, تأثير وضع المشغل الكهروإجهادي على التحكم في أوضاع الاهتزاز للهياكل المرنة ,effect of piezoelectric actuator placement on controlling the modes of vibration for flexible structures
D540, تأثير معلمات العملية على البنية المجهرية وخصائص المركبات النانوية المتكلسة   بالبلازما الشرارة ,effect of process parameters on microstructure and properties of spark plasma sintered al-sic nanocomposites
D541, تأثير الجودة على قرارات القرعة والضمان ومراقبة المخزون ,"effect of quality on lotsizing, warranty and inventory control decisions"
D542, تأثير المثبط على زمن التكون واستقرار نظام هلام الكروم بولي أكريلاميد ّ ,the effect of retarder on gelation time and stability of polyacrylamide chromium gel system
D543, تأثير التشبع فى سرعة الموجات الصوتية فى الصخور الكربونية ,effect of saturation on acoustic of carbonate rocks
D544, تأثير مسافة الرؤية على سلامة التقاطعات غير المؤشرة ,effect of sight distance on the safety of unsignalized intersections
D545, تأثير تنسيق الإشارة على سلامة التقاطع ,the effect of signal coordination on intersection safety
D546, تأثير طلاء الفضة وتنشيط الحديد والكوبالت على نفاذية الأكسجين في 4  la2nio ,effect of silver coating and doping of iron and cobalt on the oxygen permeability of la2nio4
D547, المعادلات الواصفة للنقاوة الدورية والتراص الأحادي ,equational characterizations of cyclic purity and single compactness.
D548, إدراك الليبيوم الجليدي للكينات الصغيرة وميزاتها عند الضغط العالي عند الممتزات   s115 و 13x و 5a ,"icy lebium awareness of little alkins and its features at high pressure en 5a, 13x, and s115 adsorbents"
D549, تأثير درجة الحرارة والتلوث بالملح على تآكل حديد التسليح في الخرسانة المسلحة   بالأكسجين والأسمنت المخلوط ,the effect of temperature and salt contamination on corrosion of reinforcing steel in opc and blended cement concrete
D550, تأثير درجة الحرارة على سلوك التعب للبلاستيك المركب المقوى بالنسيج الكربوني   المنسوج العادي ,effect of temperature on the fatigue behavior of plain weave woven carbon fabric-reinforced composite plastic.
D551, تأثير تباين اللزوجة على درجة الحرارة على أداء المبادلات الحرارية ,the effect of temperature dependent viscosity variation on the performance of heat exchangers
D552, تأثير الإشعاع السطحي على التدفقات الداخلية في ظروف غير متساوية الحرارة ,effect of surface radiation on internal flows with non isothermal boundary conditions
D553, تأثير المعلمات الحرارية الهيدروليكية على كاكوز التحجيم في المبادلات الحرارية ,effect of thermal-hydraulic param eters on cacoz scaling in heat exchangers.
D554, تاثير فرق عمل المشاريع على أداء مشاريع انشاء المباني في السعودية   مشاريع بناء ,effectiveness of project teams and their impacts on the performance of saudi construction projects
D555, سياسة إدارة المعدات من البناء الرئيسي و المقاولون في المقاطعة الشرقية من المملكة   العربية السعودية ,equipment management policy of major construction contractors in eastern province of saudi arabia
D556, تأثير الخواص الحامضية والقاعدية للمدعم على الهدرجة الحفزية للاستيلين على سطح   جزيئات ,effects of acido-basic support properties on the catalytic hydrogenation of acetylene on gold nanoparticles
D557, تأثير حجم خلية الوحدة على نشاط وانتقائية محفزات fcc ,the effect of unit cell size on the activity and selectivity of fcc catalysts
D558, تأثير كتلة الجاذبية على الإشعاع الكهرومغناطيسي من ثنائي أقطاب مائل يدور نسبيًا ,"the effect o f the gravitational mass on the electromagnetic radiation from an oblique, relativistically rotating dipole"
D559, آثار أنواع مختلفة من السطحي فونكتيوناليزد على سطح أنابيب الكربون النانوية على   الخصائص الميكانيكية والحرارية من المطاط الطبيعي ,effects of different types of surfactants functionalized on the surface of carbon nanotubes on the mechanical and thermal properties of natural rubber/cnt nano composite
D560, تأثير التنويع والتشفير والتعديل على أداء أنظمة الاتصالات ,"the effect of diversification, coding and modification on the performance of telecommunication systems"
D561, آثار التصميم والبناء الخاطئين على صيانة المباني ,the effects of faulty design and construction on building maintenance
D562, آثار مزج mtbe أو الميثانول أو الإيثانول مع البنزين على الأداء وانبعاثات العادم من   المحركات الصغيرة ,"effects of blending mtbe, methanol, or ethanol with gasoline on performance and exhaust emissions of SI engines"
D563, تأثير جودة الركام على تآكل حديد التسليح ,effect of aggregate quality on reinforcement corrosion
D564, آثار كبريتيد الهيدروجين والأمونيا والماء على الهدرجة التحفيزية للبروبيل بنزين ,"effects of hydrogen sulfide , ammonia and water on catalytic hydrogenation of propylbenzene"
D565, تأثير المنسوجات الأرضية على قدرة حمل الأرصفة على السبخة ,effects of geotextiles on the load-carrying capacity of pavements on sabkha
D566, تأثير تصورات الوضع على المدن و اختيار السلوك في المملكة العربية السعودية ,the effect of mode perceptions on intercity mode-choice behavior in saudi arabia
D567, تأثيرات الأنابيب النانوية الكربونية الوظيفية مع المواد الخافضة للتوتر السطحي على   الخواص الميكانيكية والحرارية لمركبات البولي إيثيلين عالية الكثافة (HDPE) النانوية ,effects of functionalized carbon nanotubes with surfactants on the mechanical and thermal properties of high density polyethylene (hdpe) nanocomposites
D568, تأثير التعديل السطحي للأنابيب النانوية الكربونية (CNT) على الخواص الميكانيكية   والحرارية لمركبات البولي بروبيلين / CNT النانوية ,Effect of Surface Modification of Carbon Nanotubes (CNT) on the Mechanical and Thermal Properties of Polypropylene/CNT Nanocomposites
D569, تأثير معاملات البئر والمكمن على أداء الآبار الأفقية والعمودية في خزانات الغاز   الجاف الحجمية ,the effects of well and reservoir parameters on the performance of horizontal and vertical wells in volumetric dry gas reservoirs
D570, تأثير معاملات البئر والمكمن على أداء الآبار الأفقية والرأسية في مكمن مكثف الغاز ,the effects of well and reservoir parameters on horizontal and vertical wells performance in gas condensate reservoir
D571, فعالية نماذج التأهيل المسبق للمقاول ,efficacy of contractor prequalification models
D572, تقنية استرخاء فعالة لنمط الاختبار للدارات المتسلسلة المتزامنة ,an efficient test-pattern relaxation technique for synchronous sequential circuits
D573, كفاءة اختبار تقنيات الاسترخاء للدوائر المشتركة ,efficient test relaxation techniques for combinational circuits
D574, خوارزميات ضغط اختبار ثابتة فعالة للدوائر التوافقية على أساس استرخاء الاختبار ,efficient static test compaction algorithms for combinational circuits based on test relaxation
D575, تقنية ضغط عرض اختبار فعالة تعتمد على الاسترخاء لاختبار سلسلة الفحص المتعددة ,an efficient relaxation-based test width compression technique for multiple scan chain testing
D576, طريقة تصميم الخط الفعالة ,an efficient font design method
D577, حساب فعال لوظيفة التوزيع لمجموع المتغيرات العشوائية اللوغاريتمية والتطبيق على   شبكة بيانات cdma ,efficient computation of distribution function for sum of lognormal random variables and application to cdma data network
D578, مخطط تغطية فعال لزيادة العمر في شبكات الاستشعار اللاسلكية ,an efficient coverage scheme to maximize life-time in wireless sensor networks
D579, خوارزميات فعالة لاكتشاف الاصطدام وتخطيط المسار لتطبيق الروبوتات ,efficient algorithms for collision detection and path planning for robotics application
D580, التحليل الطيفي للمقاومة الكهروكيميائية باستخدام خوارزميات تفكك الإحصائيات عالية   الترتيب وخوارزميات التصفية التكيفية ,electrochemical impedance spectroscopy using high order statistics deconvolution and adaptive filtering algorithms
D581, الفحص الكهروكيميائي والتحديد التحليلي لمكونات الحمض النووي على أسطح أقطاب   مختلفة من مركب الكربون ,electrochemical investigation and analytical determination of nucleic acid constituents at different carbon composite electrode surfaces
D582, الفحص الكهروكيميائي لمشتقات الفينول والكلوروفينول ,electrochemical investigation of phenol and chlorophenol derivatives
D583, الأكسدة الكهروكيميائية للفينول في محاكاة مياه الصرف الصحي البتروكيماوية   باستخدام أقطاب الماس المشبعة بالبورون: دراسة تأثير وجود - NH4+ cn و -2  s ,"electrochemical oxidation of phenol in simulated petrochemical wastewaters using boron-doped diamond electrodes: investigating effect of nh4 +, cn- and s2-presence"
D584, تخفيض الكهروكيميائي لثاني اكسيد الكربون على اكاسيد القصدير والنيكل ,electrochemical reduction of carbon dioxide on oxides of tin and nickel
D585, تخفيض الكهروكيميائية من ثاني أكسيد الكربون إلى المحروقات ,electrochemical reduction of carbon dioxide to hydrocarbons
D586, إزالة الكهروكيميائية لأول أكسيد الكربون من الهيدروجين باستخدام محفز النيكل ,electrochemical removal of carbon monoxide from hydrogen using nickel catalyst
D587, تصميم مريح لمحطة عمل الحلاق ,ergonomic design of a barber's workstation
D588, تحسين المجال الكهربائي في قواطع الدائرة 6  sf ,electric field optimization in sf6 circuit breakers
D589, تحليل حمل الانهيار المرنة والبلاستيكية للانحناءات المفردة ,elasto-plastic collapse load analysis of single mitred bends
D590, تحليل البلاستيك المرن للإطارات الصناعية شبه الصلبة ,elastic plastic analysis of semi-rigid industrial frames
D591, خوارزميات فعالة للاجابة عن إ ستعلام المسار البسيط و الإستعلام المتفرع في بيانات   XML المخزنة في هيئة ملفات متعددة الابعاد. ,efficient simple path and twig query processing algorithms for xml data organized as multidimensional file
D592, أداء الطاقة والراحة البصرية للنوافذ الذكية في المباني الإدارية في ظل المناخ الحار و   الرطب ,energy and visual comfort performance of smart windows in office buildings in hot humid climate
D593, الطاقة والتحليلات من مصانع تقطير النفط الخام ,energy and exergy analyses of crude oil distillation plants
D594, تحليل الطاقة والوجود لمحطة كهرباء غزلان بالمملكة العربية السعودية ,energy and exergy analysis of ghazlan power plant in saudi arabia
D595, مراقبة الانبعاثات باستخدام الشبكات العصبية الاصطناعية ,emission monitoring using artificial neural networks
D596, احتضان التحولات النموذجية في مواصفات المتطلبات الوظيفية ,embracing model transformations in functional requirements specification
D597, كشف الخطأ في الخوارزمية القائمة على الأنظمة المتسامحة مع الخطأ ,error detection in algorithm based fault tolerant systems
D598, التحليل الأولي للخرسانة باستخدام أشعة جاما (gamma) المنعكسة ,elemental analysis of concrete using reflected prompt gamma-rays
D599, البلمرة الكهربائية للبيرول على الفولاذ الطري للحماية من التآكل ,electropolymerization of pyrrole on mild steel for corrosion protection
D600, تقدير إمكانية التسليم في مكامن الغاز متعددة الطبقات باستخدام الذكاء الاصطناعي ,estimating deliverability in multi-layered gas reservoirs using artificial intelligence
D601, إعادة بناء ستيريو ثلاثي الأبعاد فعال متعدد الرؤية للواقع الافتراضي ,Effective Multi-view Stereo 3-Dimensional Reconstruction for Virtual Reality
D602, انعكاسات الأزمة المالية العالمية لسنة 2008 على الصادارت النفطية للدول العربية ,The repercussions of the 2008 global financial crisis on the oil exports of Arab countries
D603, نهج دلالي للمستندات الرقمية ,a semantic approach for digital documents
D604, مشاكل الأمان في الأنظمة المضمنة ,Security Problems in Embedded Systems
D605, نهج رسمي لتطبيقات الويب 2.0 ,A formal approach for Web 2.0 applications
D606, سياسات الإصلاح الاقتصادي وتحديات المناخ الاستثماري بالدول العربية : دراسـة   حالة الجزائر- مصر- تونس ,"Economic reform policies and the challenges of the investment climate in the Arab countries: a case study of Algeria, Egypt, and Tunisia"
D607, إتفاقية بازل3 لقياس كفاية رأس المال المصرفية وعلاقتها بإدارة مخاطر صيغ التمويل   الإسلامية : دراسة حالة مصرف أبوظبي الإسلامي ,Basel III agreement to measure banking capital adequacy and its relationship to risk management of Islamic financing formulas: A case study of Abu Dhabi Islamic Bank
D608, تحول الصناعة المصرفية الإسلامية نحو الصيرفة الشاملة في ظل التحرير المصرفي   - دراسة مجموعة من البنوك الإسلامية - ,The transformation of the Islamic banking industry towards comprehensive banking under banking liberalization - A study of a group of Islamic banks
D609, مساهمة الهندسة المالية اإلسلامية في تحول البنوك الربوية إلى بنوك إسلامية - دراسة   تجارب بعض الدول- ,The contribution of Islamic financial engineering to the transformation of interest-based banks into Islamic banks -A study of the experiences of some countries -
D610, الخطاب السياسي والمؤسسة الدينية في الجزائر مقاربة سوسيوتاريخية ,Political discourse and the religious institution in Algeria: a socio-historical approach
D611, العنف في الوسط الحضري ,urban violence
D612, العادات الإجتماعية و التقاليد في الوسط الحضري بين التقليد و الحداثة مقاربة سوسيو-   أنثربولوجية لعادات الزواج و الختان مدينتي وهران وندرومة نموذجا ,"Social customs and traditions in the urban environment between tradition and modernity: a socio-anthropological approach to the customs of marriage and circumcision, the cities of Oran and Ndroma as a model"
D613," اثر الصيرفة الإلكترونية على السياسة النقدية ، دراسة مقارنة الجزائر فرنسا ","The impact of electronic banking on monetary policy, a comparative study of Algeria and France"
D614," الأسواق المالية ودورها في تنشيط إستراتيجية الخصخصة . "" دراسة لواقع التجربة   المغربية "" ",Financial markets and their role in activating the privatization strategy. A study of the reality of the Moroccan experience
D615, دور الهندسة المالية في تطوير الصناعة المالية إلاسلامية دراسة حالة ماليزيا و السودان ,"The role of financial engineering in the development of the Islamic financial industry, a case study of Malaysia and Sudan"
D616," اثر سياسات في جذب الاستثمار الاجنبي المباشر في الدول العربية - دراسة مقارنة :   الجزائر، مصر والسعودية ","The impact of policies on attracting foreign direct investment in the Arab countries - a comparative study: Algeria, Egypt and Saudi Arabia"
D617, مساهمة نحو تفعيل دور الوقف النقدي في التنمية - دراسة حالة بعض البلدان الإسلامية ,A contribution towards activating the role of the monetary endowment in development - a case study of some Islamic countries -
D618, دور التكامل الإقتصادي في تفعيل الإستثمار الأجنبي المباشر دراسة حالة دول مجلس   التعاون الخليجي ,"The role of economic integration in activating foreign direct investment, a case study of the countries of the Gulf Cooperation Council"
D619," تداعيات أزمة منطقة اليورو على الشراكة اورومتوسطية ، دراسة حالة الجزائر ","The repercussions of the eurozone crisis on the Euro-Mediterranean partnership, a case study of Algeria"
D620, دور السياسة الإقتصادية في جذب الإستثمار الأجنبي المباشر - دراسة حالة اليمن ,The role of economic policy in attracting foreign direct investment - a case study of Yemen
D621, اثر الاسواق المالية الناشئة على استقرار اسعار الصرف في الدول العربية ,The impact of emerging financial markets on the stability of exchange rates in Arab countries
D622, ترشيـــــد الإنفاق العـــام ودوره في علاج عجز الموازنة العامة في الاقتصاد الإسلامي ,Rationalizing public spending and its role in treating the public budget deficit in the Islamic economy
D623, اثر البنوك الاجنبية على اداء المنظومة المصرفية الوطنية -دراسة حالة الجزائر ,The impact of foreign banks on the performance of the national banking system - a case study of Algeria 2004-2012
D624, دور التمويل الاسلامي في حماية البيئة وتحقيق التنمية المستدامة ,The role of Islamic finance in protecting the environment and achieving sustainable development
D625, استخدام الاساليب الكمية في ادارة موارد المشروع ,The use of quantitative methods in managing project resources
D626, مزيج من العوامل التآزرية المختلفة مع الحمض كابريكي في استخراج المعادن الانتقالية ,Combination of various synergistic agents with acid capric in the extraction of transition metals
D627, دراسة النشاط المضاد للأكسدة لمادة البوليفينول المستخلصة من نبات الباذنجان عن   طريق التقنيات الكهروكيميائية ,Study of the antioxidant activity of polyphenols extracted from Solanum melongena by electrochemical techniques
D628, تحليل علاقات الخصائص الإنشائية لمشتقات السيفالوسبورين والأوكسازول ,Analysis of structural property relationships for cephalosporin and oxazole derivatives
D629, دراسة نظرية للخصائص الفيزيائية والكيميائية في الدورات غير المتجانسة ذات   الأهمية الصيدلانية ,Theoretical study of physicochemical properties in heterocycles of pharmaceutical interest
D630, دراسة عن طريق النمذجة الجزيئية لعلاقات التركيب والخصائص لبعض السلاسل   الحلقية غير المتجانسة. ,Study by molecular modeling of the structure-property relationships of some bioactive heterocyclic series.
D631, نهج جديد للعلاقات بين الهياكل والأنشطة في جزيئات المضادات الحيوية ,New approach to the relationships between structures and activities in antibiotic molecules.
D632, توليف وخصائص الأكاسيد المختلطة على أساس اللانثانوم والألمنيوم والنيكل ,"Synthesis and properties of mixed oxides based on Lanthanum, Aluminum and Nickel"
